review_no,star,review,customerId,reviewDate,pd_no,storagecate_no,category_no
,,,,,,,
1,5,사이즈도 딱좋아요. 자리 많이차지하지않고 거실에 뒹굴던 아이들책 수납하기 좋네요.,pean****,21.03.21.,1,잡지꽂이,수납가구
,,,,,,,
2,5,배송 잘왔고 조립도 쉬워서 좋습니다,cjdg****,21.03.26.,1,잡지꽂이,수납가구
,,,,,,,
3,5,튼튼하고 깔끔하며 사이즈도 딱좋아요 ㅎ,vhff****,21.03.19.,1,잡지꽂이,수납가구
,,,,,,,
4,5,깔끔하고 좋습니다 마음에 드네요,dark****,21.03.19.,1,잡지꽂이,수납가구
,,,,,,,
5,5,예상대로 예쁘고 집안 분위기와 잘 어울립니다.,bang****,21.03.16.,1,잡지꽂이,수납가구
,,,,,,,
6,5,꽤 묵직하고 단단합니다.  크기는 이거저거 넣어두기 딱 좋습니다.,arie****,21.03.06.,1,잡지꽂이,수납가구
,,,,,,,
7,5,"아기침대뒤에 책꽃이로쓰려고 샀어요. 조립이쉽고 디자인 너무맘에들어요. 벽앞에 세워둔거라 쓰러질 염려도없어요. 다만 생각못했던게 아기가 세달되서 아기책은 대부분 크기가 엄청작네요.. 책꽃이에 꽃으면 표기가안보입니다;; 애기좀더크면 잘쓸거같아요. 
일반 성인용 책이나 잡지넣으면 딱좋아요 인테리어효과도 있구요. 소파옆에 어른용책장으로 쓸까도 고민중입니다ㅎ",coco****,21.02.19.,1,잡지꽂이,수납가구
,,,,,,,
8,3,"귀엽고 좋네요
근데 진짜 자그마해서 얼마 안들어가요
하나더 구매해야할 듯 합니다.",bong****,20.12.26.,1,잡지꽂이,수납가구
,,,,,,,
9,5,예뻐요 생각보다 금액 이상으로 만족했습니다. 회사에서 쓰려고 구매했어요.,qkrg****,20.12.03.,1,잡지꽂이,수납가구
,,,,,,,
10,5,제법 그럴듯해요~ 맘에들어요,henr****,20.10.08.,1,잡지꽂이,수납가구
,,,,,,,
review_no,star,review,customerId,reviewDate,pd_no,storagecate_no,category_no
,,,,,,,
1,5,피아노책 넣고옆에 놓기 좋아요 빠른배송 감사합니다,whyt****,21.04.02.,2,잡지꽂이,수납가구
,,,,,,,
2,5,너무맘에듭니다 좀더살걸 후회요 집들잇 선물때 사야겠어요 너무맘에들어요 데일리로 쓰고잇어요좋아요,actr****,21.03.19.,2,잡지꽂이,수납가구
,,,,,,,
3,5,너무기여워요 거실에 책 같은거 두려고 샀는데 인테링니 소품같네요 이뻐요 맘에 듭니다 강추,actr****,21.01.28.,2,잡지꽂이,수납가구
,,,,,,,
4,5,마음에 들어요!!!! 간단한 거 수납하기 최고예요,yusk****,20.10.23.,2,잡지꽂이,수납가구
,,,,,,,
5,4,조금만  더  접는  부분에서  여유  있엌ㅆ으면  200% 로  될  상품입니다  그렇치  못해서  상당히  아쉬워요,rlat****,20.09.09.,2,잡지꽂이,수납가구
,,,,,,,
review_no,star,review,customerId,reviewDate,pd_no,storagecate_no,category_no
,,,,,,,
1,4,배송이 너무오래걸려서 그게 문제였는데 상품 자체는 괜찮아요,ksg6****,19.08.26.,3,잡지꽂이,수납가구
,,,,,,,
2,5,예뻐요 잡지꽂이 찾다가 흔한거밖에없어서 구매 못하고있었는데 컵도 올려놓을 수 있고 활용도 너무 좋은것같아요,danh****,19.08.07.,3,잡지꽂이,수납가구
,,,,,,,
3,5,예뻐요 근데 어찌 걸어야되는건지 모르겠네요 ㅎㅎ,danh****,19.08.07.,3,잡지꽂이,수납가구
,,,,,,,
4,4,첨엔 살짝 부실해보여 불안했는데 튼튼하고 이뻐요~~~~,thal****,19.08.09.,3,잡지꽂이,수납가구
,,,,,,,
5,3,모양은예쁜데 약간 거칠한질감들이있어서별두개는뺏어요,beau****,19.08.12.,3,잡지꽂이,수납가구
,,,,,,,
6,5,예쁘네요~ 벽에도 걸어서 장식하고 테이블 매트로도 예쁘네요,blue****,19.08.02.,3,잡지꽂이,수납가구
,,,,,,,
review_no,star,review,customerId,reviewDate,pd_no,storagecate_no,category_no
,,,,,,,
1,5,"컬러고민하다가 진한색샀어요
크기도 너무 크지 않아서 좋네요
같이 주문한 책 꽂이도 저희샵이랑 잘어울려요 ㅎ
저도만족했는데 고객님들이 어디서 샀냐고 물어보시네요 
잘되시길바라는 마음에서 리뷰 잘 안쓰는데 써봅니다ㅎㅎㅎ",pavv****,20.11.04.,5,잡지꽂이,수납가구
,,,,,,,
2,5,너무이뻐요공간이살아요,dlrk****,20.12.20.,5,잡지꽂이,수납가구
,,,,,,,
review_no,star,review,customerId,reviewDate,pd_no,storagecate_no,category_no
,,,,,,,
1,5,배송은 10일걸렸고 이쁘고 넘맘에들어요,poem****,21.01.16.,6,잡지꽂이,수납가구
,,,,,,,
2,5,괜찮고 이쁘고쓸만합니다 굿,kpin****,20.09.04.,6,잡지꽂이,수납가구
,,,,,,,
review_no,star,review,customerId,reviewDate,pd_no,storagecate_no,category_no
,,,,,,,
1,4,깔끔하게 정돈하기 좋아요,yck1****,20.12.04.,12,잡지꽂이,수납가구
,,,,,,,
2,5,사진이랑 똑같아요 받자마자 리모컨 영양제등 잡동사니 담아두니 정리되고 좋네요,tone****,20.06.05.,12,잡지꽂이,수납가구
,,,,,,,
3,4,"배송도 괜찮았고 꼼꼼이 잘 포장해줘서 
흠집나고 그런데는 없어서 좋았구요 저는 책대신 커피시럽 등등 놓으려고 산건데 잘 산 것 같아요 맘에 들어요 많이 파세요",just****,20.05.07.,12,잡지꽂이,수납가구
,,,,,,,
4,4,우선 사진 보는 그대로 너무 예뻐요 :) 근데 받아보고 뭔가 찝찝해서 물티슈로 닦아봤는데 나무 물이라고 해야하나요.. 갈색 무언가가 엄청 묻어나서 한참을 닦았네요 ㅜㅜ 참고하시면 좋을 것 같아요.,ewso****,20.02.18.,12,잡지꽂이,수납가구
,,,,,,,
5,5,"배송도빠르고사진그대로에요
크기두딱입니다. .
저는약정리함으로사용해요",yusa****,20.01.23.,12,잡지꽂이,수납가구
,,,,,,,
review_no,star,review,customerId,reviewDate,pd_no,storagecate_no,category_no
,,,,,,,
1,5,"골드 책꽂이가  필요했는데 딱이예용
원형 골드 테이블 하고도 잘 어울리고용
예뻐용",dbsw****,21.04.01.,13,잡지꽂이,수납가구
,,,,,,,
review_no,star,review,customerId,reviewDate,pd_no,storagecate_no,category_no
,,,,,,,
1,4,"깔끔하고 거슬리지 않아요. 아직은 다양한 판매처가 조금 비싼듯하지만 
나름 활용하기 따라 아깝지 않을 정도로 만족함",agnu****,19.11.02.,16,잡지꽂이,수납가구
,,,,,,,
2,5,하나 더 살까 고민 중입니다 너무 만족스러워요 ㅎㅎ 사진과 그대로네요,1904****,19.10.17.,16,잡지꽂이,수납가구
,,,,,,,
3,5,가격이 조금 비싸다고 생각하면서 샀는데 가격만큼 튼튼하고 일단 디자인이 이뻐염,whit****,19.09.23.,16,잡지꽂이,수납가구
,,,,,,,
review_no,star,review,customerId,reviewDate,pd_no,storagecate_no,category_no
,,,,,,,
1,5,식탁을 책상겸용으로 쓰다보니 노트북과 아이패드 등 잡동사니 정리가 애매했는데 크기 완벽히 딱 맞네요~ 생각보다 탄탄해 쓰러지지 않는 견고함이 좋아요. 인테리어 해치지 않고 실용적입니다:),love****,21.03.30.,17,잡지꽂이,수납가구
,,,,,,,
2,4,책이랑 노트북  아이패드 수납을 위해 구매했어요. 노트북(15인치) 수납에는 조금 작은 느낌이고 책이랑 아이패드(11인치) 수납에는 딱 알맞아요,monr****,21.03.12.,17,잡지꽂이,수납가구
,,,,,,,
3,5,생각했던 것 보다 더 잘 어울리고 이뻐요,domi****,21.03.25.,17,잡지꽂이,수납가구
,,,,,,,
4,5,꼼꼼히 포장도 너무 잘 해주셨도 배송도 빠르게 잘 왔습니다~! 저는 드라이기 정리함으로 쓰고 있어요 아주 만족해용!!,bbfl****,21.01.21.,17,잡지꽂이,수납가구
,,,,,,,
review_no,star,review,customerId,reviewDate,pd_no,storagecate_no,category_no
,,,,,,,
1,5,튼튼하고 예뻐요~우편물이나  패드 넣어 놓으려고 샀는데 예뻐서 기대이상으로 마음에 듭니다^^,gusk****,21.02.15.,18,잡지꽂이,수납가구
,,,,,,,
review_no,star,review,customerId,reviewDate,pd_no,storagecate_no,category_no
,,,,,,,
1,5,고급지고 사이즈도 적당해서  우편물이나 마스크 걸어놓기도 좋아요~튼튼해서 오래 쓰겠어요^^쌓여있는 우편물 정리해서 걸어놓으니 깔끔하고 인테리어용으로도 만족합니다,gusk****,21.02.15.,19,잡지꽂이,수납가구
,,,,,,,
review_no,star,review,customerId,reviewDate,pd_no,storagecate_no,category_no
,,,,,,,
1,5,배송도 엄청 빠르고 제품도 튼튼하니 좋네요 잘쓰겠습니다,acek****,21.02.09.,20,잡지꽂이,수납가구
,,,,,,,
2,5,색도 예쁘고 의외로 실용적이에요,beni****,20.10.26.,20,잡지꽂이,수납가구
,,,,,,,
3,5,"이뻐요~~
정리가 딱 되네요^^
거실에 돌아다니던 얘들 책들이 싹~~정리가 됐어요..",pmyy****,20.07.03.,20,잡지꽂이,수납가구
,,,,,,,
4,5,"선물용으로 구매했는데  너무 예쁘네요^^
저도 하나 더 살까 생각중입니다 ㅋㅋ
판매자분과 연락도 빠르게 잘되고 일정 촉박했음에도 꼼꼼하게 잘 보내주셔서 좋은 선물이 되었습니다 추천해요 ^^",sinb****,20.04.09.,20,잡지꽂이,수납가구
,,,,,,,
5,5,배송도 빠르고 상품도 좋습니다~,idas****,20.04.06.,20,잡지꽂이,수납가구
,,,,,,,
6,5,배송 빠르고 잘 사용하겠습니다,kth8****,20.02.23.,20,잡지꽂이,수납가구
,,,,,,,
7,5,포장부터 상품까지 완전 마음에 드네요 ㅎ자주 구매할께요 감사합니다,wony****,20.12.09.,20,잡지꽂이,수납가구
,,,,,,,
review_no,star,review,customerId,reviewDate,pd_no,storagecate_no,category_no
,,,,,,,
1,5,"AV수납 겸 매거진 랙으로 쓸려고 샀는데  퀄리티과 디자인 모두 너무 맘에 듭니다. 심혈을 기울여 만들어주신 티가 팍팍 나서  제작이 왜 오래 걸렸는지 이해됐네요. 저희 집 가구 중에 젤 고급진거 같아요 ㅎㅎㅎ
근데 배송기사분이 집앞에 놓고 가셔서 제가 혼자 언팩하기 힘들긴 했네요. 랩을 거의 15분 동안 푼것 같아용 ㅠㅠ 
어쨋든 넘 맘에 들어요 잘쓰겠습니다",khy3****,21.03.31.,21,잡지꽂이,수납가구
,,,,,,,
review_no,star,review,customerId,reviewDate,pd_no,storagecate_no,category_no
,,,,,,,
1,4,오랫동안 찾아 온 인테리어 소품 심플하면서도 자연스러운 잡지꽂이를 찾고 있었는데  그런 것이 많지 않더라고요. 활용도 높으면서도 저희집 가구와도 잘 어울시네요~~,tsuk****,17.07.26.,22,잡지꽂이,수납가구
,,,,,,,
2,5,오랫동안 이런 심플하면서 예쁜 잡지꽂이를 찾고 있었어요. ,tsuk****,17.07.26.,22,잡지꽂이,수납가구
,,,,,,,
3,5,아주 이뻐요,pear****,17.04.04.,22,잡지꽂이,수납가구
,,,,,,,
4,2,사진보다 마감이 거칠어요.,wonn****,16.09.04.,22,잡지꽂이,수납가구
,,,,,,,
review_no,star,review,customerId,reviewDate,pd_no,storagecate_no,category_no
,,,,,,,
1,4,"자세히 보면 나무 사이사이 접착이 좀 뜬 부분이 있긴한데 원하던 디자인이라 전체적으론 만족합니다.
장난감 바구니로 쓰고있어요.",mais****,21.02.21.,23,잡지꽂이,수납가구
,,,,,,,
review_no,star,review,customerId,reviewDate,pd_no,storagecate_no,category_no
,,,,,,,
1,5,"배송도 빠르고 너무 맘에 들어요.
가격도 좋은데 고급스럽기까지합니다^^
주변 친구들이 다 이쁘다고 하네요^^
감사히 잘쓰겠습니다^^",yuhw****,21.03.31.,24,잡지꽂이,수납가구
,,,,,,,
2,5,좋아요 이쁘고 신문꽃이로 쓰려고 샀는데 기대이상으로 좋습니다,yuri****,21.03.31.,24,잡지꽂이,수납가구
,,,,,,,
3,5,"일단 디자인 만족하고 생각보다 책이 많이 들어가서 너무 만족스럽네요.
깊은것도 마음에 들고 서류봉투가 많은데 다 넣어도 깔끔하게 커버돼요
힘없어서 축축쳐지는가 걱정했는데 잘 받춰줍니다.",dark****,21.03.30.,24,잡지꽂이,수납가구
,,,,,,,
4,4,엄마가 잘 써요 ㅎㅎㅎ 어주 이쁘네요 정리도 절도ㅣ고 추천해요,qkrt****,21.03.18.,24,잡지꽂이,수납가구
,,,,,,,
5,4,예뻐요!!! 탄가죽 색상도 예쁘구요. 책 꽂아두려고 산건 아니구 거실에 인터넷 선이랑 공유기가 그대로 노출되어있는게 영 보기싫어서 매거진랙 안에다가 넣어두고 가릴 용도로 샀는데 넘 잘 가려지고 좋네요!,bora****,21.02.24.,24,잡지꽂이,수납가구
,,,,,,,
6,5,신문 둘 곳이 없어서 보관용으로 잘 사용하고 있어요. 고맙습니다.,grea****,21.03.27.,24,잡지꽂이,수납가구
,,,,,,,
7,5,배송이좀지연되긴햇지만 상태가참좋아요,hamy****,21.03.26.,24,잡지꽂이,수납가구
,,,,,,,
8,5,"구매후기보고 결정했는데.역시나 예쁘네요!
저렴한 가격에 이 퀄리티는 진짜 힘들것 같아요!
적극추천! 추천!합니다.
예쁜상품 많이 준비해 주세요~
자주 들를께요~♡",buni****,21.02.16.,24,잡지꽂이,수납가구
,,,,,,,
9,5,배송이 정말 빠루고 물건도 하자 없이 잘 도착했습니다. 너무 유용해요! 잘 쓸게요!!,tisa****,21.03.12.,24,잡지꽂이,수납가구
,,,,,,,
10,5,깔끔하고 거실에 포인트되고 좋아요,chip****,21.02.27.,24,잡지꽂이,수납가구
,,,,,,,
11,5,가격이너무좋아요배송도청알,vnfm****,21.02.24.,24,잡지꽂이,수납가구
,,,,,,,
12,5,싼 가격에 컬리티 좋아요,miju****,21.02.25.,24,잡지꽂이,수납가구
,,,,,,,
13,5,인테리어효과 갑입니다,pjs2****,21.03.17.,24,잡지꽂이,수납가구
,,,,,,,
14,4,만족합니다  디자인도 떨어지지 않고 잘 사용하고 있습니다,eh10****,21.02.18.,24,잡지꽂이,수납가구
,,,,,,,
15,5,생각보다 너무 이쁘고 포장도 꼼꼼해요!,dail****,21.02.16.,24,잡지꽂이,수납가구
,,,,,,,
16,5,깔끔하고 좋습니다. 감사합니다.,vied****,21.02.17.,24,잡지꽂이,수납가구
,,,,,,,
17,5,입고일까지 좀 기다리긴했는데 제일 저렴해서 그냥 주문하고 기다렸네요. 다행히 입고날짜에 바로 발송해주셨어요. 포장도 엄청 꼼꼼하게 보내주셨어요. 이음새도 까끌거리지않고 좋네요,hera****,21.01.11.,24,잡지꽂이,수납가구
,,,,,,,
18,5,너무 좋아요. 저렴하게 정말 잘샀어요. 만족합니다. 강추요!,su79****,21.02.06.,24,잡지꽂이,수납가구
,,,,,,,
19,5,튼튼하게 잘 사용하고 있어요,dusg****,21.03.02.,24,잡지꽂이,수납가구
,,,,,,,
20,5,너무 마음에 들어요,pgze****,21.03.03.,24,잡지꽂이,수납가구
,,,,,,,
21,5,물건도 대만족이고 친절하고 빠른 배송 너무 감사드려요!,birk****,21.02.22.,24,잡지꽂이,수납가구
,,,,,,,
22,5,생각보다 사이즈가 작아서 정말 책 두세권쯤 디피할 용도로 적합할 것 같아요. 디자인 예쁩니다~,cje0****,21.02.10.,24,잡지꽂이,수납가구
,,,,,,,
23,5,고급지고 좋아요 잡지 보관용,myfr****,21.01.23.,24,잡지꽂이,수납가구
,,,,,,,
24,4,틀도 가죽도 변함없이 쓸만합니다,miss****,21.01.24.,24,잡지꽂이,수납가구
,,,,,,,
25,5,만족합니다  만족합니다,yyle****,21.03.08.,24,잡지꽂이,수납가구
,,,,,,,
26,5,공과금 영수증같은거 넣어 두려고 샀어요,jung****,21.01.14.,24,잡지꽂이,수납가구
,,,,,,,
27,5,"디자인이 맘에 쏙~들어요~^
약간 약해보이지만 그정도는 괜찮네요^^",cind****,20.12.18.,24,잡지꽂이,수납가구
,,,,,,,
28,5,"가격대비 괜찮은 듯 합니다 
예뻐요",gree****,21.01.14.,24,잡지꽂이,수납가구
,,,,,,,
29,5,대충 놓고 막 찍어도 이뿌네요 디테일은 떨어지니 사진 참고하세용! 금액대비 만족만족,bbst****,20.12.12.,24,잡지꽂이,수납가구
,,,,,,,
30,5,"인테리어소품으로도 좋고
집지 꽂아놓으면 모양도 멋스러워 좋습니다",cind****,21.01.27.,24,잡지꽂이,수납가구
,,,,,,,
31,5,디자인 저렴해 보이지 않고 마감도 잘 됐어요. 찍찍이로 붙였다 떼었다 할 수 있는것고 맘에 들어요. 거치대 부분이 낡으면 천으로 만들어서 쓸수도 있을 거 같아요.,miss****,20.12.22.,24,잡지꽂이,수납가구
,,,,,,,
32,4,가격도싸고좋네용..,cbcb****,21.01.11.,24,잡지꽂이,수납가구
,,,,,,,
33,4,디자인이 예뻐요    마음에 듭니다. 급하게 사용하는 서류랑 화일들 마구 넣어 사용하기 편하네요. 양쪽이 찍찍이로 되어 있어서 너무 무거운 책을 담으면 벌어질 것 같기도 해요~전체적으로 만족합니다~~,eh10****,20.12.15.,24,잡지꽂이,수납가구
,,,,,,,
34,5,집이 한층더 럭셔리한 분위기가 되었네요 ㅎ,wony****,21.01.24.,24,잡지꽂이,수납가구
,,,,,,,
35,5,신문 꽂아두고 있는데 많이 들어가서 좋으네요~^^,jung****,21.01.04.,24,잡지꽂이,수납가구
,,,,,,,
36,5,매거진랙 필요했는데 여기가 가장 저렴하기에 구매했어요. 생각보다 큼직하고 견고해서 오래 쓸 수 있을 것 같아요,bora****,20.12.18.,24,잡지꽂이,수납가구
,,,,,,,
37,5,생각보다 크기는 작은데 고급스러워요,have****,21.01.01.,24,잡지꽂이,수납가구
,,,,,,,
38,5,"롯백 MVG에 갔다가 너무 예쁜 매거진랙이
디피되어 있는걸보고 사진을 찍어
집에와 검색을 했더니~
헐...엄시 고급진데 가격은 정말
대박~~
집에  이미 랙이 있음에도 불구하고
친구랑 둘이 바로 구매~
배달도 이틀만에 됐고~
받아보니 짱 이쁘고 고급지고
모던하고 세련됐고~~~
혹시상품이상있으면연락하라고
전번에 사탕까지~~^^
기분이 너무좋았다
감사 감사~~
많이 파세요~~ㅎ",dhrt****,20.11.26.,24,잡지꽂이,수납가구
,,,,,,,
39,5,주방에 놨는데 넘 고급스럽고 만족스러워요~!!,psm5****,20.12.30.,24,잡지꽂이,수납가구
,,,,,,,
40,5,"방에 책 넣을곳이 필요했는데 
정말 잘 산것같아요! 
인테리어 효과도 있고 
너무 맘에 들어요~!",love****,20.12.17.,24,잡지꽂이,수납가구
,,,,,,,
41,4,상태 깔끔하고  생각보다 작네요. 잘 쓸게요. 감사~,jhye****,21.01.13.,24,잡지꽂이,수납가구
,,,,,,,
42,5,처음 보내주신제품에 도색이 살짝 벗겨진부분이있어 말하기도 애매한정도라 사실 그냥 사용하려다가 말씀은 드렸는데 바로 철제부분만 다시보내주셨어요^^ 빠른 대응감사드려요~,guni****,20.12.28.,24,잡지꽂이,수납가구
,,,,,,,
43,5,디자인도 예쁘고 사용하기에도 너무 좋아요. 배송도 빠르네요. 잘 쓰겠습니다.,lets****,20.12.17.,24,잡지꽂이,수납가구
,,,,,,,
44,5,배송도빠르고 튼튼한아이로왔네요 좋아하는 바이닐만 정리하고싶어샀는데 딱좋아요,nafd****,20.12.07.,24,잡지꽂이,수납가구
,,,,,,,
45,5,예뻐요^^ 고급스럽기까지~~ 피아노 악보넣으니 좋네요,muss****,20.12.11.,24,잡지꽂이,수납가구
,,,,,,,
46,5,"크기도 생각보다 크고 디자인 독특하고 예뻐요~
자주 읽는 책들 정리하기 좋고 공간도 옮겨가며 둘수 있어서 너무 마음에 들어요~^^",0908****,20.12.19.,24,잡지꽂이,수납가구
,,,,,,,
47,5,"입고예정이라 늦게 배송될 줄 알고있었는데 생각보다 빨리 배송해주셔서 너무 감사했습니다^^
제품도 너무 맘에들고 꼼꼼하게 배송해주셔서 감동했어요.  저렴한 가격에 제품 너무 좋아요~
그래서 친언니에게 바로 추천해서 또 구매했습니다 ㅎ",jmar****,20.12.12.,24,잡지꽂이,수납가구
,,,,,,,
48,3,이쁘고좋인ㅇ?ㄷ여기긴제일저렴해요,lsk3****,20.12.17.,24,잡지꽂이,수납가구
,,,,,,,
49,5,"크기도 적당하고 마음에 들어요.
지금은 아이들 학습지꽂이로 사용중이지만
아이들크면 인테리어용으로 쓰려구요^^",bitn****,20.12.16.,24,잡지꽂이,수납가구
,,,,,,,
50,5,기다린 보람이있네요 ㅎ마음애꼭 들어요,wony****,20.12.24.,24,잡지꽂이,수납가구
,,,,,,,
51,5,망가진 곳 없이 잘 왔구요. 쇼파 옆에 책 넣어 두려고 샀는데 크기도 딱 좋고 예쁘네요.,blue****,20.11.24.,24,잡지꽂이,수납가구
,,,,,,,
52,5,이뻐요좋아요멋져요진짜,pjs2****,21.01.16.,24,잡지꽂이,수납가구
,,,,,,,
53,5,"피아노 책 정리하려고 샀어요~
피아노 옆에 두었는데 잘 어울리네요~^^",anmk****,20.12.15.,24,잡지꽂이,수납가구
,,,,,,,
54,5,"고급스럽고 생각보다 무겁고 튼튼해요. 
맘에 드네요 ㅎㅎ",nora****,20.12.06.,24,잡지꽂이,수납가구
,,,,,,,
55,5,디자인 깔끔하고 무리없이 어디든 잘 어울려요 만족,dusg****,20.12.07.,24,잡지꽂이,수납가구
,,,,,,,
56,5,아주 잘 쓰고 있습니다.,olgu****,20.12.10.,24,잡지꽂이,수납가구
,,,,,,,
57,5,상품도 빨리보내주시고 예쁘네요,cook****,20.12.05.,24,잡지꽂이,수납가구
,,,,,,,
58,5,빠른배송에 만족합니다,groo****,20.11.20.,24,잡지꽂이,수납가구
,,,,,,,
59,5,"약간부실해보이는?것빼고는
디자인은너무예뻐요다만흔들리지않게지지될수있게보안되면더욱좋을거같아요!",mine****,20.10.25.,24,잡지꽂이,수납가구
,,,,,,,
60,4,배송지연된다고 연락도 미리주시고 신경써주셔서 감사해요~ 제품은 화면과 같고 디자인도 예뻐요,poto****,20.10.06.,24,잡지꽂이,수납가구
,,,,,,,
61,5,깔끔하게 정리하고있습니다:),nrki****,20.09.20.,24,잡지꽂이,수납가구
,,,,,,,
62,5,"배송 빨라요~~~
아이들 문제집 넣을 곳이 필요했는데 정리되고 좋아용~~  굿굿",suda****,20.09.05.,24,잡지꽂이,수납가구
,,,,,,,
63,5,예쁘네요 아주 좋아요,olgu****,20.10.08.,24,잡지꽂이,수납가구
,,,,,,,
64,2,예뻐요. 배송 겁나 늦음,jk02****,20.09.28.,24,잡지꽂이,수납가구
,,,,,,,
65,5,넘넘 예쁘고 좋아요^^,rhdw****,20.09.16.,24,잡지꽂이,수납가구
,,,,,,,
66,5,잡지 놔둘곳이 없어서 샀는데 이쁘고 튼튼하고 너무 좋아요!,als9****,20.08.02.,24,잡지꽂이,수납가구
,,,,,,,
67,4,깔끔하고 좋아요 집 인테리어랑 잘 어울립니다,qpqp****,20.07.16.,24,잡지꽂이,수납가구
,,,,,,,
68,5,"배송하루이틀더걸린다고 
먼저연락주셔서 친절하고좋았어요
배송도크게느리지도않고
상품도사진처럼그대로좋아용",apqf****,20.07.20.,24,잡지꽂이,수납가구
,,,,,,,
69,5,읽던 책들을 넣어서 보관하니 깔끔하고  디자인이 고급스럽습니다.,jhs3****,20.06.25.,24,잡지꽂이,수납가구
,,,,,,,
70,5,빠른 배송 감사드립니다.,yoon****,20.07.23.,24,잡지꽂이,수납가구
,,,,,,,
71,5,가게 인테리어로 샀는데 너무 좋아여,jani****,20.07.15.,24,잡지꽂이,수납가구
,,,,,,,
72,5,아주아주 대만족이에요 딱 제 스탈입니다,sjna****,20.06.17.,24,잡지꽂이,수납가구
,,,,,,,
73,5,디자인이 어디에도 잘 어울려요.,kjh7****,20.07.06.,24,잡지꽂이,수납가구
,,,,,,,
74,4,박음질 마무리가 한쪽은 깔끔하고 다른 한쪽은 그렇지 못한것이 아쉽네요;;,cell****,20.06.06.,24,잡지꽂이,수납가구
,,,,,,,
75,5,"아기 자석 보드판 옆에 두고 자석판 넣었어요 
구멍이 뚫려잇어서 어떤 사이즈든지 넣을 수 있어 좋네요^^",appl****,20.04.28.,24,잡지꽂이,수납가구
,,,,,,,
76,4,정말 좋네요~~~~~~~~,jull****,20.06.17.,24,잡지꽂이,수납가구
,,,,,,,
77,5,가격대비 너무좋네요~^^,pjao****,20.06.11.,24,잡지꽂이,수납가구
,,,,,,,
78,5,수납력 최고  분위기 짱입니다. 딱 제가 찾던 매거진 랙이에요^^,1003****,20.04.19.,24,잡지꽂이,수납가구
,,,,,,,
79,3,오래기다려서 받은만큼 디자인은 예뻐요~ 거의한달만에 받은건데... 제품이 하자가많네요! 가격이 디자인값이다인가봐요~ 마감바느질다터지고 가죽이 다찍혀있네요! 디자인은 예뻐요. 아이가 그린그림들 모아놓을용도로 산거라 따로 반품이나교환 없이 그냥씁니다~,sovr****,20.03.25.,24,잡지꽂이,수납가구
,,,,,,,
80,5,디자인이 깔끔하고 색상도 아주  맘에 듭니다^^,kowh****,20.05.09.,24,잡지꽂이,수납가구
,,,,,,,
81,5,사진보다 실물이 더 맘에듭니다!,dj83****,20.05.11.,24,잡지꽂이,수납가구
,,,,,,,
82,5,인테리어랑 안성맞춤이네요!! 기다린 보람이 있고만요!!^^,skgm****,20.03.26.,24,잡지꽂이,수납가구
,,,,,,,
83,4,요즘 상황 배송으 늦었지만 친절하게안내해주셔서 괜찮았어요..현관앞에두고 쓰려고 했는데  그냥 잡지꽂이가 더 어울리는 듯..,heej****,20.04.17.,24,잡지꽂이,수납가구
,,,,,,,
84,5,잘받았습니다. 이쁘게 쓸게요,mini****,20.04.24.,24,잡지꽂이,수납가구
,,,,,,,
85,5,배송빨라요 가격대비 ㅎ훌륭합니다,tjay****,20.03.26.,24,잡지꽂이,수납가구
,,,,,,,
86,5,예뻐요. 가죽이 리얼은 아니니 고급스러운 느낌은 없지만 가성비 따지자면 전 좋네요! 걸치는(?) 부분은 찍찍이네요. 책 여러권 넣어봤는데 쓰러지거나 바닥에 닿지안아요! 어디에 두어도 예쁠듯.,crow****,20.02.28.,24,잡지꽂이,수납가구
,,,,,,,
87,5,잡지도 꽤 많이 들어가고 클래식한 분위기도 나면서 모던한게 저희집 가구와 잘 어울리네요~,yjy9****,20.03.30.,24,잡지꽂이,수납가구
,,,,,,,
88,5,가성비로도 좋고 특히 디자인 너무 좋습니다!,wooi****,20.04.03.,24,잡지꽂이,수납가구
,,,,,,,
89,5,"가격대비 고급스럽고 인테리어 소품으로도 너무 예쁩니다~
고민하기에도 너무 착한가격~ 강추입니다~!",love****,20.03.27.,24,잡지꽂이,수납가구
,,,,,,,
90,5,코로나때문에 배송은 조금 늦었지만 잘 받았어요 ~~ 예뻐요!,ea16****,20.03.23.,24,잡지꽂이,수납가구
,,,,,,,
91,5,배송은 조금 오래 걸렸지만 제품은 맘에 들어요,jmle****,20.03.26.,24,잡지꽂이,수납가구
,,,,,,,
92,4,배송이 느렸지만 디자인이 좋아요 ㅎㅎㅎ,mr87****,20.03.24.,24,잡지꽂이,수납가구
,,,,,,,
93,5,"찾았던 사이즈 디자인예요^^
저는 실내화 정리하려구 샀어요
배송도 빨리해주시고 감사해요
넘 이뻐요",agus****,20.02.13.,24,잡지꽂이,수납가구
,,,,,,,
94,5,"매거진랙들이 비싸던데 착한가격에 잘샀어요!
이쁘네요ㅎ",bion****,20.02.14.,24,잡지꽂이,수납가구
,,,,,,,
95,5,너무 고급스러워서 디피햇어요,jmw5****,20.02.14.,24,잡지꽂이,수납가구
,,,,,,,
96,3,인테리어소품으로.책.꽂이도.되고.특히해서.주문햇습니다.박음질은.쫌.엉성하시만.디자인은.이쁘네요,mjs1****,20.01.09.,24,잡지꽂이,수납가구
,,,,,,,
97,5,너무나 고급스러워요,1p2j****,20.02.02.,24,잡지꽂이,수납가구
,,,,,,,
98,5,깔끔하고 골드색상과 가죽이 고급스럽게 보여 화이트 인테리어에 어울리는 포인트 입니다,jjun****,19.12.21.,24,잡지꽂이,수납가구
,,,,,,,
review_no,star,review,customerId,reviewDate,pd_no,storagecate_no,category_no
,,,,,,,
1,5,"기존에있던 엘피장이 조금 작은거같아서 올려둘겸 장식겸 해서 구매했어요 
배송은 이주 조금안걸린것같구 포장은 뾱뾱이가 다였지만 엄청꽁꽁 싸매주셨고 파손없이 잘도착했습니다
나무컬러는 사진처럼 예쁘고 제품은 생각보다 가볍지만 튼튼해보여요
하얀 벽에 최소한의 매거진정도 올려두고 포인트로 두는게 젤이쁠거같긴한데 목적이 엘피 올려두는거여서 턴테이블존(?) 바로옆에 둬봤어요
 다른분들처럼 인스타감성은 안나지만 생활(?)감성으로 예쁜것같아 만족합니다",some****,21.03.09.,26,잡지꽂이,수납가구
,,,,,,,
2,5,"오래기다렸다 조심히 열었는데 깨져있어서 너무 슬펐지만 친절한 상담과 바로 교환을 해 주셔서 넘 감사합니다~ 정말 분위기 깡패네요.
너무너무 만족합니다~ 감사합니다!!",jemi****,21.03.18.,26,잡지꽂이,수납가구
,,,,,,,
3,5,"튼튼하고 예쁘고 유용합니다.
부서지지 않게 포장은 좋았으나 에어캡이 너무많아 버리기 힘들었어요",qlcd****,21.03.12.,26,잡지꽂이,수납가구
,,,,,,,
4,5,아무것도 안올려두니까ㅈ그냥 문같아요ㅋㅋㅋ,thgu****,21.03.08.,26,잡지꽂이,수납가구
,,,,,,,
5,5,이쁘네요 방에 두니까 갬성 뿜뿜입니댜??,shj_****,21.02.20.,26,잡지꽂이,수납가구
,,,,,,,
6,4,잘 사용합니다 ㅎㅇㅇ,mans****,21.03.05.,26,잡지꽂이,수납가구
,,,,,,,
7,5,디자인이 너어어무 좋아요. 나무 컬러도 자연스럽고 멋져요??어떤 책과 잡지를 놓을지 고민되네요! 배송도 딱 일주일(주말 포함) 만에 왔고 상한 곳 없이 왔더라구요. 자꾸만 보게 되네요~ 다른 소가구도 에이몹에서 구매하고 싶어요!,wonc****,21.01.17.,26,잡지꽂이,수납가구
,,,,,,,
8,5,예쁘고 쓸만한 것 같습니다,gg_2****,21.02.10.,26,잡지꽂이,수납가구
,,,,,,,
9,5,"다들 너무 예쁘다고 칭찬해주는 제품이예요
뿌듯합니다????",wodu****,21.02.04.,26,잡지꽂이,수납가구
,,,,,,,
10,5,깔금한거같아요. 냄새빼는데는 시간이 좀 걸리겠네요.,mans****,21.01.27.,26,잡지꽂이,수납가구
,,,,,,,
11,5,디자인 이쁘고 실요적이에요 장소에 구애받지 않고 인테리어에 활용하기 좋아요,mina****,21.01.20.,26,잡지꽂이,수납가구
,,,,,,,
12,5,"오일 마감된 나무 색상이 고급스럽고 이뻐요. 생각보다 크기도 무척 큼직하네요. 냄새가 많이 나서 이틀정도 현관에 놔두니 싹 빠졌습니다.
마감도 깔끔하고 표면도 부드럽습니다. 
바로 쓰면 책 전시로  위아래를 뒤집어서 놓으면 좁은 선반으로도 쓸 수 있겠네요. 보내주신 엽서와 같이 찍어봤습니다.",popu****,20.12.21.,26,잡지꽂이,수납가구
,,,,,,,
13,4,"일단 실물깡패구요 
이걸 보고 나니까 다른 매거진랙은 눈에 안들어오네요 
배송은 너무 느렸습니다 
아쉬운건 아래쪽에 단 하나 더 추가해도 될듯한데
아래 많은 공간을 허비해서 좀 아쉽네요",zeta****,21.01.06.,26,잡지꽂이,수납가구
,,,,,,,
14,5,배송은   종  오래 걸렸지만  튼튼하니  좋네요  리븆더럼  냄새는  나지만  없어지겠죠~~,slaw****,21.01.07.,26,잡지꽂이,수납가구
,,,,,,,
15,5,튼튼하고 생각보다 커요,skym****,21.01.10.,26,잡지꽂이,수납가구
,,,,,,,
16,4,이쁘네요 잘사용할게요,tjdc****,21.01.26.,26,잡지꽂이,수납가구
,,,,,,,
17,5,"디자인 이쁘고 흔하지 않아서 맘에 들어요
이동하기 편해서 어디든 인테리어에 활용하기 좋을 것같아요  소재도 견고합니다 
잘 사용할께요",mina****,20.12.20.,26,잡지꽂이,수납가구
,,,,,,,
18,5,인테리어 포인트로 아주 만족스러워요,wodu****,21.01.04.,26,잡지꽂이,수납가구
,,,,,,,
19,5,"보기보다 예쁩니다
감사합니다",jjan****,21.01.23.,26,잡지꽂이,수납가구
,,,,,,,
20,5,"튼튼하고 포장 꼼꼼하고 멋스러워요.
책이 많이 들어가지는 않아요.
대체적으로 만족합니다.",kkk0****,20.11.29.,26,잡지꽂이,수납가구
,,,,,,,
21,5,너무너무 예쁘네요 잘 ㅇㅣ용할게요,wnrn****,20.12.08.,26,잡지꽂이,수납가구
,,,,,,,
22,5,고급져보여요. 벽이 너무 심심해서 설치했는데 이쁘네요 너비가 애매해서 두개같이주문했어요!,tkfk****,20.11.17.,26,잡지꽂이,수납가구
,,,,,,,
23,5,"배송받자마자 바로 제자리에♡
목욜택배보내신다하셨는데 오늘 받았어요
배송도 완전 빠르네요^^",glor****,20.11.13.,26,잡지꽂이,수납가구
,,,,,,,
24,4,"깔끔하고 예쁩니다.
책 6권 정도 놓으니 딱 맞네요!",lme0****,20.11.19.,26,잡지꽂이,수납가구
,,,,,,,
25,5,"자리를 차지하지 않으면서 
인테리어 효과를 톡톡히 볼 수 있어 좋아요:)
한국적인 느낌도 함께 담겨있는 것 같아서 디자인도 너무 마음에 들고 크기 무게 모두 적당해요
최초에 새 가구 특유의 냄새가 있는데 
하루 이틀 환기 잘 되는 창가근처에 두면 됩니다~ 

친절하게 응대해 주셔서 감사하고 
제작기간까지 배송 넉넉히 잡고 기다린다면
기다린 보람있는 제품입니다:)",yura****,20.10.18.,26,잡지꽂이,수납가구
,,,,,,,
26,5,"사진만큼 실물도 예쁘네요
잘쓰겠습니다!",zcx1****,20.10.23.,26,잡지꽂이,수납가구
,,,,,,,
27,5,물건 잘 받았습니다. 나무가 좋아요,pack****,20.11.06.,26,잡지꽂이,수납가구
,,,,,,,
28,5,"실물 보기 전까지 긴가민가 했는데
실제로 보니 가격대비론 최고에요 감사합니다:)",dalk****,20.10.30.,26,잡지꽂이,수납가구
,,,,,,,
29,5,고급스럽고 견고하네요,stud****,20.10.20.,26,잡지꽂이,수납가구
,,,,,,,
30,5,"넘내가원하던
딱그스타일입니다",minh****,20.10.18.,26,잡지꽂이,수납가구
,,,,,,,
31,5,택배사로 인해 배송이 매울 불편했지만 빠른대처로 잘받았습니다 제품은 매우 맘에 들어요,yd75****,20.09.28.,26,잡지꽂이,수납가구
,,,,,,,
32,5,디자인과 품질 모두 만족합니다^^,mgse****,20.10.12.,26,잡지꽂이,수납가구
,,,,,,,
33,5,맘에들어용 인테리어최고 ㅎㅎ,2511****,20.09.19.,26,잡지꽂이,수납가구
,,,,,,,
34,5,진짜진짜 이쁘고 이쁘고 이쁩니다. 흔하지않고 너무 이뻐요. 저 가구는 이제 에이몹부터 들어와요ㅜㅜ여기 디자이너분들 절받으셔야합니다 ?????♀?이 가격에 이런 퀄리티라니.. 원목성애잔데 솔직히 두배가격이었어도 아깝지 않을만큼 이쁘고 고퀄이에요. 벤치자리랑 같이두니 집이 카페 부럽지 않네요. 딱 하나 아쉬운점은 넓이가 조금더 넓었으면..ㅜㅜ 이대로도 이쁘지만 넓게 제작된다면 또하나 더 살 의향있어요????,wl20****,20.07.28.,26,잡지꽂이,수납가구
,,,,,,,
35,5,예쁘네요 :) 다른 제품들도 구매할까 생각중입니다,hanm****,20.08.22.,26,잡지꽂이,수납가구
,,,,,,,
36,5,고급스럽고 좋네요 잘쓸게요,nest****,20.09.18.,26,잡지꽂이,수납가구
,,,,,,,
37,4,"이사갈집에 놓을거라 아직 오픈은 안했지만
너무 기대되어요! 나중에 후기올릴게요!!",tmfg****,20.08.25.,26,잡지꽂이,수납가구
,,,,,,,
38,5,"가로 길이가 한칸만 더 길었으면 좋겠어요 
전반적으로 상품 너무 맘에들고 나무 색도 예쁘네요 예쁜 잡지가 없어서 사진 붙혀놨는데 너무 유용합니다",mina****,20.07.21.,26,잡지꽂이,수납가구
,,,,,,,
39,5,그림 그대로입니다. 참 예쁩니다. 배송시 긁힘도 없었구요!! 만족합니다.,bard****,20.07.28.,26,잡지꽂이,수납가구
,,,,,,,
40,5,아이들 독서 습관 갖게 하려고 샀는데...적중이요^^ 아트월에 두었더니 흥미도 갖고 읽어 달라고 가져오고  또 인테리어 요소도 한 몫하구요~,akfl****,20.07.20.,26,잡지꽂이,수납가구
,,,,,,,
41,5,생각했던 그대로 입니다. 만족합니다,huma****,20.07.21.,26,잡지꽂이,수납가구
,,,,,,,
42,5,배송도 빠르고 매우 이뻐요,muzd****,20.08.05.,26,잡지꽂이,수납가구
,,,,,,,
43,5,생각보다 빨리 배송 받았어요. 두번째 칸에 동그랗게 찍힌 자국이 있긴한데.. 상품 자체는 예뻐서 교환없이 사용하려고요 감사합니다~,gawa****,20.06.27.,26,잡지꽂이,수납가구
,,,,,,,
44,5,"전면책장 고민하다가 오래 사용할것 같아서 
요걸로 골랐어요. 
집 가구에 비해 색이 어두어서 좀 걱정했는데 
나쁘진 않네요. 
배송이 뽁뽁이로만 포장되서 
배송중에 상처가 생기는 건 어쩔수 없나봅니다
-_-“
먼지 닦아내고 책 올려놨는데 만족합니다! 
새가구 냄새가 좀 나긴하네요.",nanw****,20.06.02.,26,잡지꽂이,수납가구
,,,,,,,
45,5,제가 원하던 디자인 입니다.,dogm****,20.07.01.,26,잡지꽂이,수납가구
,,,,,,,
46,5,생각보다 가벼워서 이동도 편하고  무엇보다 합리적인 가격에 독특하지만 모던한 디자인이 제일 맘에들어요 ㅜㅜ 사이즈가 큰 잡지를 책꼿이에 세울수 없어서 불편했는데 아주 딱입니다 !!,ddeg****,20.05.30.,26,잡지꽂이,수납가구
,,,,,,,
review_no,star,review,customerId,reviewDate,pd_no,storagecate_no,category_no
,,,,,,,
1,4,배송 아주 빨랐고 집안가구랑 색도 아주 조화롭게 어울려요~ 따로 조립 필요없어 편했고 아주 만족합니다,cing****,21.03.29.,27,잡지꽂이,수납가구
,,,,,,,
2,5,"생각했던대로 마음에 들어요.
이쁩니다!",byeu****,21.03.30.,27,잡지꽂이,수납가구
,,,,,,,
3,5,아이들 책 노출과 어른 읽고 있는책 용으로 소파옆에 놓았어요. 만족해요.,shsh****,21.03.19.,27,잡지꽂이,수납가구
,,,,,,,
4,5,"생각했던것보다 더 만족스러워요.
크기도적당하고 색감도 기대이상  표면이나 마감도 거칠지않고 부드럽습니다
4단으로 구매하려다가 LP판이 거치가 안될것같아서 급히 3단으로 주문했는데 적당히 여유있고 좋네요",craz****,21.03.03.,27,잡지꽂이,수납가구
,,,,,,,
5,5,그림 전시해 놓고있는데 예뻐요,nase****,21.03.28.,27,잡지꽂이,수납가구
,,,,,,,
6,5,엄청커요 ㅋㅋㅋ 그래두이쁘네옹,olwl****,21.03.02.,27,잡지꽂이,수납가구
,,,,,,,
7,5,"아주 맘에드네요
예쁘게 잘 쓸게요",t684****,21.02.18.,27,잡지꽂이,수납가구
,,,,,,,
8,5,"우와~~몇달고민끝 샀는데 진작살걸 그랬네요.
초등5되는 딸 도서관에서 빌려오는책들 위주로 꽂아두는데 딸이 매우만족해합니다. 덤으로 인테리어효과까디 굿!입니다.",nsky****,21.01.23.,27,잡지꽂이,수납가구
,,,,,,,
9,5,"처음 냄새때문에 며칠 베란다에 내놨는데
  한 일주일 지나니까 괜찮아요
  생각했던대로 예뻐요",pare****,21.02.05.,27,잡지꽂이,수납가구
,,,,,,,
10,5,상품 이상 없이 잘 받았고요. 냄새가 조금 나서 걱정했는데 서서히 없어지고 있어요. 아이들과 제가 읽고 싶은 책 소파옆에 두었어요. 책을 전시하는 용도면 상관없는데  얇은책의 경우는 사이로 잘 빠져서 아래로 떨어질수 있는 우려가 있어요. 그래도 원목 인테리어에 잘 어울리고 마음에 들어요.,shsh****,21.01.11.,27,잡지꽂이,수납가구
,,,,,,,
11,5,만족합니다 바로진열햇어여,rhaw****,21.01.29.,27,잡지꽂이,수납가구
,,,,,,,
12,5,"스터디카페 한켠에 뒀는데 아주잘어울려요
무게감도있고 멋스러워요",tinm****,21.01.10.,27,잡지꽂이,수납가구
,,,,,,,
13,5,딱 생각한 그 모습 그대로네요 ㅎ 냄새가 좀 나긴 하던데 얼마 지나니 괜찮아지네요.,paja****,21.01.01.,27,잡지꽂이,수납가구
,,,,,,,
14,5,색감도 좋고 실물이 훨씬 예쁘네요,nase****,21.01.26.,27,잡지꽂이,수납가구
,,,,,,,
15,5,빈 공간 활용하기에 좋은 아이템입니다,isla****,20.12.23.,27,잡지꽂이,수납가구
,,,,,,,
16,5,"배송도 엄청빠르고
생각했던것보다 더이쁘고 좋아요!
매장에 팜플렛전시용인데
넘넘고급지고이쁘네요",2sme****,20.12.08.,27,잡지꽂이,수납가구
,,,,,,,
17,5,"고급스러워요
책을 여러권 꽂기에도 두께가 괜찮아요.",pdhm****,20.12.31.,27,잡지꽂이,수납가구
,,,,,,,
18,5,좋아요. 고맙습니다.,stud****,20.12.16.,27,잡지꽂이,수납가구
,,,,,,,
19,5,좋아요. 고맙습니다.,stud****,20.12.16.,27,잡지꽂이,수납가구
,,,,,,,
20,4,"주문제작 상품이여도 신속하게 몇일 안에 받을수 있었구요 튼튼한 박스에 완제품으로 받을수 있어서 좋았습니다
실제로 보면 나무결이나 마감이 정말 고급집니다 분위기가 팍팍 살아나요 
손에 집히는 책들만 얹어놔도 인테리어가 완성되네요 다만 아쉬운점은 하필 눈높이 위치에 옹이가 있어요
처음엔 뭐가 묻었나 했는데 옹이 같아요 (옹이가 아니면 더 아쉬울테니 옹이라고 생각을 해야죠)
벽에 닿는 부분은 말끔한데 뒤집어서 제작 했더라면 하는 생각도 들고 아랫단도 아니라 가장 눈에 띄는 윗부분인게 아쉽네요
이건 개인차기도 하니 못본척 해야 할까봐요 별5개 추천 드릴수 있었는데 집적 보고 사는게 아니니 어쩔수 없나봐요",net_****,20.10.21.,27,잡지꽂이,수납가구
,,,,,,,
21,5,너무예뻐요 인테리어용 :),zzzz****,20.12.09.,27,잡지꽂이,수납가구
,,,,,,,
22,5,개봉후에 처음에는 약간 냄새가 났지만 하루이틀 되니까 냄새도 다 빠지고 너무 예뻐요 일단 너무이쁩니다  책을 꽃아놓고 인테리어 했는데 너무 맘에 드네요 생각보다 크기는 높은편입니다.,forw****,20.12.08.,27,잡지꽂이,수납가구
,,,,,,,
23,4,냄새가 좀 납니다 ㅠ,1996****,20.12.02.,27,잡지꽂이,수납가구
,,,,,,,
24,5,좋아요 튼튼하고 이뻐요,miya****,20.11.26.,27,잡지꽂이,수납가구
,,,,,,,
25,5,요청한 사이즈로 잘 맞춰서 도착했습니다. 고급스러운 나무 느낌이에요,asy1****,20.11.13.,27,잡지꽂이,수납가구
,,,,,,,
26,5,잘 사용하고 있습니다.,layp****,20.11.22.,27,잡지꽂이,수납가구
,,,,,,,
27,5,"생각보다 커요 사이즈 잘 확인해보시고 사세요
저같은 경우는 현관 신발장 맞은편에 얕은 장이 필요해서 산건데 만족합니다
키랑 식물이랑 책으로 꾸미려구요",chun****,20.11.08.,27,잡지꽂이,수납가구
,,,,,,,
28,5,"너무 마음에 들어요:)

컬러감도 너무 밝지 않아서 좋고
디자인도 사진그대로에요
자리도 많이 차지하지 않고 인터리어 효과도 좋습니다:)

예쁜상품 감사해요:)",yura****,20.10.15.,27,잡지꽂이,수납가구
,,,,,,,
29,5,좋아요 카페에 사진책 꽂아놓으니 분위기 사네요 ㅎㅎ,miya****,20.10.23.,27,잡지꽂이,수납가구
,,,,,,,
30,5,살까말까 고민하다가 샀는데 전 너무 맘에들어요 견고하고 ㅎㅎ 남자친구는 사다리냐고 물어봤지만 (무시) ㅎㅎ 책이랑 선물받은 시계 넣으니까 세트처럼 찰떡이여서 이뻐요,minj****,20.09.28.,27,잡지꽂이,수납가구
,,,,,,,
31,4,냄새가 조금 나긴 합니다,1996****,20.10.17.,27,잡지꽂이,수납가구
,,,,,,,
32,5,감사합니다~예뻐요!,layp****,20.10.10.,27,잡지꽂이,수납가구
,,,,,,,
33,5,물건도 만족스럽고 배송도 빨라 좋았습니다~,leav****,20.10.26.,27,잡지꽂이,수납가구
,,,,,,,
34,5,만족스럽게 잘 쓰고 있어요 인테리어효과 좋아요 ㅎㅎ,yuna****,20.09.26.,27,잡지꽂이,수납가구
,,,,,,,
35,4,"완젼이쁘게  잘나왔어요
매장이더살아보이넹?ㄷ",dude****,20.09.26.,27,잡지꽂이,수납가구
,,,,,,,
36,5,카페 운영하는 친구 생일 선물로 보내줬눈데 카페랑도 잘 어울리고 너무 만족해했어요 ㅎㅎ,baby****,20.09.15.,27,잡지꽂이,수납가구
,,,,,,,
37,5,"만족합니다..
티비 옆이 허전 했는데 책장 느낌도
나고 넘 좋네요...
가로 사이즈가 조금만 더 길었으면 더
좋았을거 같아요~~^^",yoon****,20.09.06.,27,잡지꽂이,수납가구
,,,,,,,
38,5,완전 마음에 들어요 멋있어요,1002****,20.10.13.,27,잡지꽂이,수납가구
,,,,,,,
39,5,"올해 산 가구 중 제일 마음에 드네요.
다만 60이라는 너비가 생각보다 좁으니 꼭 실측해보고 구매하시길.",fldh****,20.09.01.,27,잡지꽂이,수납가구
,,,,,,,
40,5,배송빠르고 물건이 묵직하니 고퀄이네요 너무예뻐요,ochi****,20.09.04.,27,잡지꽂이,수납가구
,,,,,,,
41,4,딱 원하는 디자인이라 만족해요..자주보는 잡지  책  신문 꽂아두니 좋아요..나무궁가구 4번째 구매입니다.,luck****,20.08.20.,27,잡지꽂이,수납가구
,,,,,,,
42,5,생각보다 안정적이고 좋아요,kyes****,20.09.02.,27,잡지꽂이,수납가구
,,,,,,,
43,5,계단 기둥쪽 인테리어 고민하다가 구입했는데 잘어울려서 만족해요!,godl****,20.08.21.,27,잡지꽂이,수납가구
,,,,,,,
44,5,"배송되자마자 뜯어서 일단 벽에 세워서 물건만 찍어봅니다. 자주 보는 책들 세팅 해놓고 작은 식물소품도 사용하면 인테리어 효과 만점인듯 하네요. 방분위기 살리는 아이템이예요^^
나무 냄새는 살짝 나지만 냄새는 금새 빠질것 같구요
월욜 주문해서 수욜 받았으니 빠른것 같아요. 파손이나 불량 없이 잘 보내주셨네요. 잘 쓸게용~
고민은 배송만 늦출뿐이라는 말을 지금 써봅니다ㅎ",najy****,20.07.22.,27,잡지꽂이,수납가구
,,,,,,,
45,5,튼튼하고 꼼꼼하게 잘 만들어졌구요 방에 두니 분위기가 확 살아나네요 ~ 여기에 책 꽂아둘 생각하니 벌써 신나요 ㅋㅋㅋ,yuna****,20.08.08.,27,잡지꽂이,수납가구
,,,,,,,
46,5,실물이 훨씬 이쁘네요,ajj9****,20.08.23.,27,잡지꽂이,수납가구
,,,,,,,
47,5,매거진랙 여러개 봤었는데 제가 생각한 그대로의 디자인이라 구입했습니다 마음에 들어요,kyes****,20.07.28.,27,잡지꽂이,수납가구
,,,,,,,
48,4,친절하게 고객응대 해주셨어요. 서비스 만족합니다.,nayu****,20.08.14.,27,잡지꽂이,수납가구
,,,,,,,
49,5,"이뻐요 배송 빠르고
근데 다리가 사선으로 안되어 있어서 살짝 불안해요
관찮겠죠 불량일까요",dcmy****,20.07.25.,27,잡지꽂이,수납가구
,,,,,,,
50,5,잘받았어요잘받았어요,rudg****,20.08.14.,27,잡지꽂이,수납가구
,,,,,,,
51,5,"정말 그냥 100% 만족스러워요!
이 책꽂이 하나로 인테리어 효과가 엄청나요!
그림책을 꽂아놨는데  한눈에 확 보이니 
아이들이 잘 꺼내 보내요~^^

근데 이게 벽에 완전히 붙혀놔야 더 안정적이에요~
아랫다리를 앞쪽으로 조금이라도 빼면 더 잘 흔들리더라구요~

너무 나이 어린 아이들이 있는 공간에는 안두는게 좋을 것같아요~
아이들이 만지작 하다보면 쓰러질 위험이 있더라구요!

다른 판매처랑 비교했을 때
가격도 가장 저렴하고  배송도 빠르고  예쁘고!
정말 만족합니다^^",5als****,20.06.18.,27,잡지꽂이,수납가구
,,,,,,,
52,5,집들이했는데 온사람마다 한번씩 언급할정도로 인기템이었어요. 고민하지마세요,clob****,20.05.24.,27,잡지꽂이,수납가구
,,,,,,,
53,5,고급스러워 보인다는 이야기 많이 들어요. 만족합니다 :),spee****,20.05.30.,27,잡지꽂이,수납가구
,,,,,,,
54,5,너모너모 예뻐요 ㅎㅎ 잘 쓰고 있습니당,jse2****,20.05.28.,27,잡지꽂이,수납가구
,,,,,,,
55,5,"너무 멋스럽고 책커버를 전면으로 볼 수 있어서 좋아요. 3번째 사진처럼 같이 책인데 보여지는 게 너무 다르죠?
힐링되는 공간으로 변했어요
감각있으신 분은 공간에 맞게 주문제작하면 더 좋을 것 같아요
저는 원하는 느낌이 있었지만 어려워서 기성 사이즈로 주문했거든요
그래도 천프로 만족합니다 강추",quai****,20.04.19.,27,잡지꽂이,수납가구
,,,,,,,
56,5,"그림이보이니 좋아요.
냄새도안나고.",msgy****,20.06.15.,27,잡지꽂이,수납가구
,,,,,,,
57,4,카페 느낌 좋습니다~~~ 몇 일 지나니 냄새 빠지더라고요^^,hiji****,20.05.23.,27,잡지꽂이,수납가구
,,,,,,,
58,5,이쁘네요 만족합니다,an56****,20.06.11.,27,잡지꽂이,수납가구
,,,,,,,
59,5,원하는 대로 사이즈 딱맞았어요 너무 감사드려요 다들 예쁘다네요ㅎㅎ 너무 좋습니당,dbfk****,20.05.29.,27,잡지꽂이,수납가구
,,,,,,,
60,5,"집 분위기가 너무 달라졌어요
사다리 아니냐고 놀리던 친구가 직접 보더니 예쁘다고 몇번을 이야기 하고 가네요 ㅎㅎ
너무 잘 산것 같아 보고만 있어도 뿌듯 합니다",mjsd****,20.04.23.,27,잡지꽂이,수납가구
,,,,,,,
61,5,"배송에 착오가 있어서 
번거롭게 해드렸네요^^;
제품 너무 예뻐요..^
받아보니 금액이 아깝지가 않습니다.
이곳이랑 다른곳..몇일째 비교하다가..
디자인도 거의같고..
이곳은 무료배송 행사까지해서..
기분좋은 소비했어요.
사진으로보는것보다 훨씬 튼튼하고
멋지네요..고급스럽습니다.
저는 아이책 넣으려고 샀어요..^^
책꽂이에 넣어놓으니 책을 안봐서ㅎㅎ
아이들책이라 작은사이쥬나 얇은건..
밑으로 빠져서 ..
조심조심 잘 정리해봤어요.ㅋ
좋은제품감사합니다♡",wlgu****,20.04.03.,27,잡지꽂이,수납가구
,,,,,,,
62,5,예쁘네요 저는 쇠 부분이 골드인줄 알고 샀는데  골드가 아니었네요 ㅎㅎ 그래도 넘 예뻐요,soph****,20.04.15.,27,잡지꽂이,수납가구
,,,,,,,
63,5,심플하고 좋아요오오,jyj0****,20.05.11.,27,잡지꽂이,수납가구
,,,,,,,
64,5,"주문제작이라고 했는데 제주도임에도 불구하고 빨리 배송되었어요! 
그리고 실물로 보니 훨씬 예쁘네요!!
새롭게 오픈할 드럼학원 휴게공간이 허전했었는데 이 원목잡지꽂이를 두니 분위기가 확! 살아났어요! 정말 만족합니다^^",5als****,20.04.02.,27,잡지꽂이,수납가구
,,,,,,,
65,5,"크기: 시중에있는 매거진랙은 150cm인데 약간 작은느낌이었습니다. 160정도가 아주좋은것 같습니다.

색상: 골든이 적당히 고급진 황금빛 나무색입니다. 고동색은 고급져 보일 수있으나 좁고 밝은 인테리어에선 분위기를 잡아먹고 좁아보이게하는것같아서 택했는데 잘한것 같습니다.

제작: 4단  뒷판 좀 내려서 제작했고요  책을두고 읽을거라 단을 낮췄는데 딱좋습니다. 연락이 잘안될 때가 있어서 불안했으나 알아서 잘 제작해주셨습니다.

실물이 더 예쁩니다~  만족해서 가족들도 맘에들어하네요  추가로 조명달고할예정입니다",clob****,20.03.04.,27,잡지꽂이,수납가구
,,,,,,,
66,5,예뻐요 나무도 고급지고 가게 느낌 확 예뻐졌어요,hnma****,20.05.16.,27,잡지꽂이,수납가구
,,,,,,,
67,5,원하는 사이즈대로 잘 나와서 너무 좋습니다,dbfk****,20.04.29.,27,잡지꽂이,수납가구
,,,,,,,
68,5,예뻐요 예뻐요 예뻐요,koju****,20.06.06.,27,잡지꽂이,수납가구
,,,,,,,
69,5,주문시 색상고민 했어서 제품 받자마자는 브라운으로 할껄 그랬나 했는데 보다보니 예쁘네요~ 견고해요~,echm****,20.04.25.,27,잡지꽂이,수납가구
,,,,,,,
70,5,아주 좋아요 ㅎㅎ 허전한 공간을 예쁘게 꾸몄네요 '-'* 친절하게 응대해 주셨어욤 주문 제작인데 빠르게 해주셨어용,jse2****,20.03.17.,27,잡지꽂이,수납가구
,,,,,,,
71,5,많이 들어가서 좋아요.,sunp****,20.04.14.,27,잡지꽂이,수납가구
,,,,,,,
72,5,배송 빠르고 이뻐요,jyj0****,20.04.11.,27,잡지꽂이,수납가구
,,,,,,,
73,4,"인테리어 하기에  좋은듯하네요~액자를 걸수없어서
장식했더니 예쁜듯하네요~",lily****,20.03.28.,27,잡지꽂이,수납가구
,,,,,,,
74,4,"사진과 동일한 상품이었습니다. 
다만 철로된 부분에 일부 오염이 있었습니다.",tkdg****,20.04.16.,27,잡지꽂이,수납가구
,,,,,,,
75,5,lp판 놓아두는 용도로 샀는데 거실 인테리어와도 어울리고 이쁩니다~!!^^,whdb****,20.04.11.,27,잡지꽂이,수납가구
,,,,,,,
76,5,좋아요 좋아여 좋아요,koju****,20.05.07.,27,잡지꽂이,수납가구
,,,,,,,
77,5,색감이 잘 맞아요 좋습니다,kjki****,20.03.19.,27,잡지꽂이,수납가구
,,,,,,,
78,5,집 분위기와 잘 어울려요~~,cfir****,20.04.08.,27,잡지꽂이,수납가구
,,,,,,,
79,5,배송도 빠르고 상품도 좋습니다~,idas****,20.04.06.,27,잡지꽂이,수납가구
,,,,,,,
80,5,가게 분위기에 너무 잘 어울립니다,ph06****,20.03.13.,27,잡지꽂이,수납가구
,,,,,,,
81,4,잘쑤고 있답니다 괜찮아요,nayu****,20.09.22.,27,잡지꽂이,수납가구
,,,,,,,
82,5,"생각보다 배송도 넘 빠르고
와~~넘 고급져요.대만족입니다.",bung****,20.03.06.,27,잡지꽂이,수납가구
,,,,,,,
83,4,색 선택을 잘못 했는데 그래도 예뻐서 그냥 씁니다.ㅎ,cfir****,20.03.29.,27,잡지꽂이,수납가구
,,,,,,,
84,5,너무예뻐요~~맘에 쏙~~,rryt****,20.03.24.,27,잡지꽂이,수납가구
,,,,,,,
85,5,생각보다 크고 튼튼하네요. 식물과도 잘 어울려요.,hayo****,20.02.24.,27,잡지꽂이,수납가구
,,,,,,,
86,5,"적당한 크기에 
튼튼해서 좋아요!!",gusn****,20.02.29.,27,잡지꽂이,수납가구
,,,,,,,
87,4,좋아요! 역한 냄새도 다 빠졋습니다. 시간흐르니...0,eeee****,20.03.03.,27,잡지꽂이,수납가구
,,,,,,,
88,5,신혼집에 최고??????,hhhh****,20.03.15.,27,잡지꽂이,수납가구
,,,,,,,
89,5,"빠른배송에좋은제품
넘예쁘네요
감사해요^^",inse****,20.02.13.,27,잡지꽂이,수납가구
,,,,,,,
90,5,가로폭을 100cm로 늘려서 주문제작했는데 너무 맘에들어요 주문제작이라 보름정도 걸릴 줄 알았는데 예상보다 빨리 배송해주셔서 넘 감사해요 번창하세요,1122****,20.01.20.,27,잡지꽂이,수납가구
,,,,,,,
91,5,정말맘에드네요!!!,kim_****,20.02.09.,27,잡지꽂이,수납가구
,,,,,,,
92,5,잘받았습니다. 잘쓰겠습니다,pcy2****,20.02.03.,27,잡지꽂이,수납가구
,,,,,,,
93,4,마감재 냄새가 진동하긴 하지만 제품 자체는 튼튼해보이고 예뻐요ㅠ,eeee****,19.12.13.,27,잡지꽂이,수납가구
,,,,,,,
94,5,"색  높이  크기 다 맘에 들구 무엇보다 칸마다 위 아래 높이가 사진처럼 높아서 잡지 놓기도 좋구요
요즘엔 책 표지들이 이쁘게 나와서 꽂아놓으면  허전햇던 거실에 분위기가 확 살아요ㅎㅎㅎ",gpdu****,19.11.16.,27,잡지꽂이,수납가구
,,,,,,,
95,5,"친구 이사선물로 구매했어요 
친구가 정말이쁘고 인테리어에도 딱이라고 완전 맘에 들어하네요 
배송도 빠르고 질도 좋다고 해요 
저도 곧 구매할예정입니다!",kim_****,19.11.16.,27,잡지꽂이,수납가구
,,,,,,,
96,5,거실에 인테리어용 겸 간단한 책꽃이 용 으로 구매했는데 생각 했던거 보다 훨씬이뻐요!! 배송도 정말빠르고 선물용으로도 구입할예정입니다,dbsd****,19.11.16.,27,잡지꽂이,수납가구
,,,,,,,
97,5,"심플한 디자인에 반해서 주문햇움
매장이 흰 배경이라 진한 색상두 디피용으로 최곤
튼튼하구 이뻐용 역시 나무궁 ㅋㅋ",dnwn****,19.11.18.,27,잡지꽂이,수납가구
,,,,,,,
review_no,star,review,customerId,reviewDate,pd_no,storagecate_no,category_no
,,,,,,,
1,5,가격대비 고급스러워요. 사이즈 큰 것 나오면 또 구매하고싶어요^^,hyun****,21.03.05.,29,잡지꽂이,수납가구
,,,,,,,
2,5,책 여러권 넣을게 필요했는데 인테리어 효과까지 굿,viva****,21.02.04.,29,잡지꽂이,수납가구
,,,,,,,
3,5,배송빠르고 좋아요! 포장박스가 생각보다 커서 놀랬어요!! 제품은 깔끔하니 예쁘네요~,nahy****,20.11.02.,29,잡지꽂이,수납가구
,,,,,,,
4,5,"넘 깔끔한 메거진 디잔융~??
지는 lp판 꽂이로 활용하고 잇슴닥????",to69****,20.10.13.,29,잡지꽂이,수납가구
,,,,,,,
5,5,"오래기다리긴했지만  
예상대로 깔끔하고 예뻐서 만족합니다
넘 좋아서 인스타(@julianaa_life) 자랑했어용 ㅋㅋ 많이파세요-^^",park****,20.09.27.,29,잡지꽂이,수납가구
,,,,,,,
6,5,아이들 태블릿과 노트북 보관용으로 쓰고 있습니다 예쁩니다,leo1****,20.09.29.,29,잡지꽂이,수납가구
,,,,,,,
7,5,예뻐요! 컴퓨터 넣어두려고 샀는데 알맞네요 :),emem****,20.10.12.,29,잡지꽂이,수납가구
,,,,,,,
8,5,"안에 피아노책 넣어서 수납도 되고
인테리어효과 너무좋아요 ",kpsi****,20.08.25.,29,잡지꽂이,수납가구
,,,,,,,
9,5,생각했던것보다더예뻐요ㅎ,wjsw****,20.07.21.,29,잡지꽂이,수납가구
,,,,,,,
10,5,"아이랑 매일 읽을책 담아두려고 구매했어요

디자인도 이쁘고
튼튼해요
배송도 빨리왔어요~~~",onio****,20.06.24.,29,잡지꽂이,수납가구
,,,,,,,
11,5,저렴하고 인테리어하기 좋습니다,1seu****,20.05.10.,29,잡지꽂이,수납가구
,,,,,,,
12,4,사진보다는 조금더 아담하네요 제품은 괜찮아요,thep****,20.05.19.,29,잡지꽂이,수납가구
,,,,,,,
13,5,디자인도 깔끔하고 배송도 빨랐어요. 마음에 듭니다!,chuj****,20.04.20.,29,잡지꽂이,수납가구
,,,,,,,
14,5,별기대없었는데 맘에들어요,magi****,20.05.16.,29,잡지꽂이,수납가구
,,,,,,,
15,5,좋아용 깔끔 고급짐용,lier****,20.05.14.,29,잡지꽂이,수납가구
,,,,,,,
16,5,감사합니다 감사합니다,grym****,20.05.02.,29,잡지꽂이,수납가구
,,,,,,,
17,5,가격도 저렴히 잘샀어요 잘쓰고있습니다,hora****,20.02.29.,29,잡지꽂이,수납가구
,,,,,,,
18,5,좋습니다. 잘 사용합니다.,nang****,20.03.28.,29,잡지꽂이,수납가구
,,,,,,,
19,5,어느자리든 잘어울립니다. 무엇보다도 저렴한 가격인데 전혀 비쥬얼은 저렴하지가 않다는게 너무 마음에 듭니다.,libe****,20.03.08.,29,잡지꽂이,수납가구
,,,,,,,
20,5,"넘 고급지고 예쁘네요ㅎ
가볍고 공간도 많이 차지하지 않아 인테리어효과를 볼수 있는 제품",nob2****,20.02.05.,29,잡지꽂이,수납가구
,,,,,,,
21,5,"분위기가 저희매장하고 넘잘어울려요 
튼튼하고좋아요!",cjdd****,20.02.13.,29,잡지꽂이,수납가구
,,,,,,,
22,5,실물이 더 예쁩니다. 정말 가성비가 최고입니다!,libe****,20.01.24.,29,잡지꽂이,수납가구
,,,,,,,
23,5,심플하면서 고급집니다 배송도 좋았습니다!,gods****,20.01.31.,29,잡지꽂이,수납가구
,,,,,,,
24,3,상품은 가격대비 괜찮으나 위에 철에 기스가 엄청나요... 그냥 써요...,calv****,20.01.25.,29,잡지꽂이,수납가구
,,,,,,,
25,5,헤헤 맘에들아요^^ 잘쓸게요,obil****,20.01.05.,29,잡지꽂이,수납가구
,,,,,,,
26,5,편하고 디자인도이쁘고 이동이간편해서좋아요,xmdn****,20.01.15.,29,잡지꽂이,수납가구
,,,,,,,
27,4,와우~~ 비슷한 다른상품보다 퀄리티있고 좋네요,rhrk****,20.01.10.,29,잡지꽂이,수납가구
,,,,,,,
28,5,같이 주문한 제품 먼저 준비됬는지 보내주시구 이건 따로 왔는데 포장 꼼꼼했구 만족해요 다만 수평이 조금 안맞아서 삐그덕 해요ㅠㅠ,vvzv****,19.11.27.,29,잡지꽂이,수납가구
,,,,,,,
29,5,너무 이뻐요 다른곳에선 해외배송에 오래걸리는데 배송도 빠르게받고 가죽도 깨끗하고 정말 이뻐요 ㅠ,eses****,19.12.01.,29,잡지꽂이,수납가구
,,,,,,,
30,5,사이즈도 적당하고 이뻐요,xmdn****,19.12.11.,29,잡지꽂이,수납가구
,,,,,,,
31,4,예뻐요ㅜㅜ 오래 쓸 수 있으면 좋겠네요~,qkqh****,19.11.20.,29,잡지꽂이,수납가구
,,,,,,,
32,5,제품 가성비좋아욤 아주,sg64****,19.11.03.,29,잡지꽂이,수납가구
,,,,,,,
33,5,가격도 저렴하고 디자인 좋아요,sinu****,19.11.09.,29,잡지꽂이,수납가구
,,,,,,,
34,4,이뻐요 ㅡ레코드 넣어두려고 샀어요,vivi****,19.10.06.,29,잡지꽂이,수납가구
,,,,,,,
35,5,배송도 빠르고 고급감도 있고 좋아요.,anto****,19.10.25.,29,잡지꽂이,수납가구
,,,,,,,
review_no,star,review,customerId,reviewDate,pd_no,storagecate_no,category_no
,,,,,,,
1,5,사진처럼 이쁩니다. 배송도 깔끔하게 해 주셨어요!!  책 넣어두고 뚜껑 닫으니 깔끔해요.  참 색감이 이쁘네요.,poss****,21.04.03.,30,잡지꽂이,수납가구
,,,,,,,
2,5,잡지꽂기도 좋고 이안에 있는 수납공간도 은근쏠쏠합니다 굿굿,skak****,20.12.19.,30,잡지꽂이,수납가구
,,,,,,,
3,5,"유메시리즈를 워낙 좋아하네요. ㅎㅎ 예쁩니다.

깊이가 조금 얕은게 조금 아쉽네용",kiki****,20.12.19.,30,잡지꽂이,수납가구
,,,,,,,
4,5,"결혼하면서 티비를 안사서 TV놓는 쪽 벽이 허전했어요. 그리고 선정리도 잘안되어있어서 사실 그곳을 가릴만한 가구를 찾고있었어요 ㅋㅋ 부피가 크지 않고 저희집과 어울릴만한 애를 찾고있었는데 딱 적당한 사이즈로 잡지 꽂이장을 발견해서 그냥 시킨거였는데 실물보고 완전 잘시켰다 생각했어요! :-) 신랑도 완전 예쁘다고 하더라구요. 
배송은 생각보다 빨랐어요! 그때가 비가 계속 왔을때인가 그랬는데도 월요일인가 화요일에 시켰는데 금요일에 도착했습니다! 원목가구여서 그런지 가구자체에서 나는 나무향이 한 몇일은 가더라구요. 근데 나무향이 좋아요! ㅋㅋ 되게 좋은 나무향 디퓨저 해놓은것처럼 은은하게 집안에 계속 퍼졌었어요. 현재는 가구 근처에만 가야 나무향이 나긴합니다. 그리고 안에 수납은 깊고 넓거나 하지는 않지만 적당하게 수납이 가능해요. 이 공간에 맞춰서 물건을 조절하며 사려구요 ㅋㅋ
현재 독서중인 책은 밖에 진열해놔서 빨리 찾을 수 있도록 해놨구요. 그 위에 디퓨저놓고 옆에 화분 놓으니까 카페같기도하고...?? 너무 예쁘게 잘쓰고있습니다! 이 퀄리티에 이가격이 제일 저렴한거같더라구요. 폭풍검색하다가 얘로 정착해서 샀습니다! 잘쓸게요:-) 많이판매하세요!",whye****,20.08.22.,30,잡지꽂이,수납가구
,,,,,,,
5,5,예뻐요ㅋㅋ최고최고최고,sang****,20.11.28.,30,잡지꽂이,수납가구
,,,,,,,
6,4,설치기사님 친절하시고 뒷마무리도 좋았어요 제품은 최고는아니네요 뒷판이 얇아서 무게중심이 좀 없는듯합니다 감사합니다,phoo****,20.09.15.,30,잡지꽂이,수납가구
,,,,,,,
7,5,코로나로 배송이 늦어질까 걱정했는데 생각보다 빨랐어요! 다행히 집에 손님 오시기전날 도착해서 기분이 좋았습니다! ㅎㅎ설치기사님은 친절하셨어요. 일단 생각했던 크기고 폭이 좁은걸 원했었는데 딱 적당한 폭이더라구요. 나무에서 나는 은은한 향이 있어요. 그향이 은근히 좋네요?! 좋은 나무 쓰시는거같아요. 튼튼해보이고 색도 고와요. 저희는 거실에 티비가 없어서 공유기랑 전기코드 선 가리는 용도로 샀어요. 그래서 딱 벽에 붙이니까 싹 가려지고 옆에 화분까지 놓으니까 뭔가 카페 진열대같기도하고 예쁘네요. 안에 수납공간까지 있어서 저기를 지금 뭘로 채워야하나 고민입니다.  좋은상품 잘 사서 기분이좋네요! 많이파세요??,whye****,20.07.06.,30,잡지꽂이,수납가구
,,,,,,,
8,5,"이 가구 하나로 분위기가 달라지긴 하네요
이뻐요 만족해요",jiyo****,20.09.06.,30,잡지꽂이,수납가구
,,,,,,,
9,2,"생각보다 소박한느낌
배송도 별로고
조립도 안해주네요ㅠ",jung****,20.08.31.,30,잡지꽂이,수납가구
,,,,,,,
10,5,생각보다 고급스러워요~ 문이 좀 뻑뻑했는데 몇번 하니 괜찮아졌어요,kjy3****,20.08.22.,30,잡지꽂이,수납가구
,,,,,,,
11,5,생각보다 작고 예뻐요 마무리도 깔끔하네요 배송은 20일 넘게 걸렸지만 만족합니다,peti****,20.07.31.,30,잡지꽂이,수납가구
,,,,,,,
12,5,타사제품에도 이 디자인 있지요.하지만 원목에 다리도 조금긴 부분이 마음에 들었고 마감도 잘 되어 매우 만족합니다.,enaf****,20.07.24.,30,잡지꽂이,수납가구
,,,,,,,
13,4,배송비가너무비싸요ㅜ그래도필요해서샀는데 잘샀습니다,aldx****,20.06.22.,30,잡지꽂이,수납가구
,,,,,,,
14,5,색상도 이쁘고 만족 해요^^,jiyo****,20.07.06.,30,잡지꽂이,수납가구
,,,,,,,
15,4,튼튼하고 마감도 잘되있는거 같아요 거실에두고 아이 책읽어 주려고 샀는데 넘 이쁘네요,haro****,20.02.07.,30,잡지꽂이,수납가구
,,,,,,,
16,5,균형이 조금 안 맞지만  조절해서 쓰면 좋을것같아요 맘에 듭니다,miyq****,20.02.19.,30,잡지꽂이,수납가구
,,,,,,,
17,5,"생각보다 색상이 약간 어둡긴했지만 그래도 멋지네요
앞에 잡지놓는부분은 빼서 사용해도되고 꽂아서 사용해도되고 두가지 스타일로 사용할수있어서 갠찮은거같아요^^  나무도 견고한 짜임새입니다",nako****,20.01.08.,30,잡지꽂이,수납가구
,,,,,,,
18,5,배송기사님도 좋으시고 제품도 넘 예뻐요 서랍장이 뻑뻑할까 걱정 했는데 잘 움직여요 ^^,kang****,20.01.10.,30,잡지꽂이,수납가구
,,,,,,,
19,5,거실에 책장이 없어서 보던 책들 관리가 안되었는데 레트로하우스 미니 책장을 들여 놓은 다음 아주 깔끔하게 정리가 되었어요. 거실 분위기도 화사하고 아기자기해 져서 인테리어 효과까지 주어 대만족입니다.,meju****,19.12.24.,30,잡지꽂이,수납가구
,,,,,,,
20,4,"사진처럼 이뻐요
문 한개가 잘 안밀렸는데 몇번 반복하니 점점 잘 밀리네요",1771****,19.12.03.,30,잡지꽂이,수납가구
,,,,,,,
21,4,사진 그대로 분위기 나는 제품이네요 좋아요~,dym0****,19.12.26.,30,잡지꽂이,수납가구
,,,,,,,
22,5,이쁘고 맘에쏙듭니다 이뻐요이뻐,amaj****,19.12.28.,30,잡지꽂이,수납가구
,,,,,,,
23,5,사진으로 보는 것보다 훨씬 예쁘고 집 분위기 너무 좋아보여요 ㅎㅎㅎ,hyer****,19.12.18.,30,잡지꽂이,수납가구
,,,,,,,
24,5,너무 예뻐요 고급지구 디자인은 예쁘면서 실용적이네여,abin****,19.11.27.,30,잡지꽂이,수납가구
,,,,,,,
25,5,"배송시간을 못맞춰서 다리조립까지 하시고 
집앞에 놔주셨어요~
조금 무겁긴했지만 원하는 위치에 예쁘게 
잘맞네요~
적당한가격에 잘산것같아요",krha****,19.10.27.,30,잡지꽂이,수납가구
,,,,,,,
26,4,"깔끔하게 예뻐요
침대옆에 자주보는책들 정리하려고 샀는데 딱이네요",k04h****,19.10.25.,30,잡지꽂이,수납가구
,,,,,,,
27,4,색상이 화면보다 너무 진하고 붉어요 ㅠㅠ 그치만 디자인은 맘에들어요!!,nohs****,19.11.06.,30,잡지꽂이,수납가구
,,,,,,,
28,5,"딱 생각했던그대로예요
약간의 스크래치가 눈에 거슬리긴했지만
만족도는 90%입니다.",gusw****,19.10.18.,30,잡지꽂이,수납가구
,,,,,,,
29,5,배송은 조금 걸리지만 디자인 색상 모두 맘에 들어요~^^ 기다린 보람이 있습니다!! 가격이 내려서 저렴하게 득템 했습니다. 주변 분들이 예쁘다고 날리 입니다.,y607****,19.09.24.,30,잡지꽂이,수납가구
,,,,,,,
30,5,생각보다는 아담했지만 원목 고급스런느낌이라 아주 맘에들어요^^ 냄새도 거의안났어요! 정면샷을 찍기에는 치우려는 책상이 막고있어서 일단 옆쪽사진입니당,nice****,19.09.02.,30,잡지꽂이,수납가구
,,,,,,,
31,5,사진과 같아요. 넘 이쁘네요. 나무도 예쁜나무에요.,imag****,19.08.10.,30,잡지꽂이,수납가구
,,,,,,,
32,5,"아이  영어책들 수납이 필요해 구매했는데
생각보다 많은 책이 수납되서 너무 맘에 듭니다^^
특히 책을 앞쪽에 전시할 수 있어서 아이가 더 좋아하네요^^",carp****,19.06.14.,30,잡지꽂이,수납가구
,,,,,,,
33,5,배송 기사분이 직접설치해 주시지만 사정상 직접 설치했고 분위기 내는데 좋아요,frag****,19.06.01.,30,잡지꽂이,수납가구
,,,,,,,
34,5,비싸지만 예쁘고 목재도 고급스러워서 마음에 들어요,alpa****,19.05.06.,30,잡지꽂이,수납가구
,,,,,,,
35,5,너무 좋아요! 책장에 책이 많이 안 들어가서 ㅠㅠ 아쉽긴 하지만 책꽂이에 책이 외부로 노출되어 있어서 먼지 쌓이는 것이 싫은 1인은 가격이 비싸도 이걸 고집했습니다. 요즘 슬라이딩 식의 이런 제품이 마켓비에도 팔고 몇 가지 있던데 이건 그것보다 아주 약간 비싸지만 조립하지 않아도 돼서 좋았어요! 배송이 많이 느린 건 단점입니다. 나머지 책들은 또 어디에 놔둬야 하는지 뭘 더 사야되는 건지 고민이 되는 것 또한 소소한 단점입니다 ㅎㅎ 그래도 디자인이 더 중요한 사람들은 꼭 사세요!,muse****,19.03.09.,30,잡지꽂이,수납가구
,,,,,,,
36,2,사진보다 좀더 어두운색이네요,ssun****,19.04.05.,30,잡지꽂이,수납가구
,,,,,,,
37,5,정말 원하던 비쥬얼을 보여주네요,cher****,18.12.27.,30,잡지꽂이,수납가구
,,,,,,,
38,5,좋습니다 5살 아들리 좋아하네요^^,livo****,18.12.03.,30,잡지꽂이,수납가구
,,,,,,,
39,5,저렴한 가격에 득템 할인을 많이해서 10만원 후반 대에 원목 수납장을 득템해서 넘 좋아요. 수건 서랍칸을 비우기 위해 욕실과 주방 사이 어중간한 공간에 놓았어요. 덮개에는 사진 수납도 가능하고 나중에 책장으로도 용도 변경도 가능하고 다양하게 사용가능할 것 같아요.,wjda****,18.09.09.,30,잡지꽂이,수납가구
,,,,,,,
40,5,배송 잘 받았습니다^^ 예쁘고 좋아요~!,hyun****,18.10.20.,30,잡지꽂이,수납가구
,,,,,,,
41,3,"외관은 깔끔하고 질감도 좋아 보이나 
위로 들어 올리는 문은 밀어 넣을때 부드럽지 못하고 빡빡하여 힘을 주고 밀어넣어야하고
그로인해 마찰이 있는 부분은 면이 깍여지네요.",ysil****,18.09.22.,30,잡지꽂이,수납가구
,,,,,,,
42,5,지방이라 오래 기다려 받았어요. 기다린만큼 좋아요^^,wjda****,18.09.09.,30,잡지꽂이,수납가구
,,,,,,,
review_no,star,review,customerId,reviewDate,pd_no,storagecate_no,category_no
,,,,,,,
1,5,정말 이쁘쥬? 주문제작이라 시간이 걸리는 점 말고는 만족해요^*^,hoya****,20.04.03.,31,잡지꽂이,수납가구
,,,,,,,
2,5,직접 보면 더 고급스럽고 너무 예뻐요. 부산에 놀러가면 공방과 쇼룸 들리고 싶네요~,dalc****,20.04.06.,31,잡지꽂이,수납가구
,,,,,,,
3,5,"아무공간에나 잘 어울리고 고급스럽네요.
실용적이진 않지만 인테리어용으로 좋아요.",rime****,20.01.27.,31,잡지꽂이,수납가구
,,,,,,,
4,5,"고급지고 이쁩니다
진짜 엄청 기대하고 기다렸는데
오늘 드디어 왔네요!!
고맙습니다",anss****,19.05.24.,31,잡지꽂이,수납가구
,,,,,,,
5,5,마음에 듭니다 고급스러워요,vein****,19.06.20.,31,잡지꽂이,수납가구
,,,,,,,
6,5,집의 분위기가 살아납니다.,huad****,19.04.05.,31,잡지꽂이,수납가구
,,,,,,,
7,5,생각보다 책이 많이 꽂힙니다  이뻐요,bnmo****,19.01.21.,31,잡지꽂이,수납가구
,,,,,,,
8,5,진짜 아름다운 원목 매거진랙이에요,sola****,18.12.24.,31,잡지꽂이,수납가구
,,,,,,,
9,5,화면과 똑같아요 너무 이쁘네요,soee****,19.01.04.,31,잡지꽂이,수납가구
,,,,,,,
10,5,사진 그대로고 진짜 이쁘넹르 강추,mm91****,18.12.25.,31,잡지꽂이,수납가구
,,,,,,,
11,5,고대하며 받았는데 너무 예뻐요~~~,muon****,18.11.17.,31,잡지꽂이,수납가구
,,,,,,,
12,5,직접 배송해주셨어요.:-) 맘에들어요~??,choi****,18.11.02.,31,잡지꽂이,수납가구
,,,,,,,
13,5,"제작상품이라 좀 오래걸렸는데
그래도 만족합니다",jiru****,18.10.22.,31,잡지꽂이,수납가구
,,,,,,,
14,5,"너어무 이뻐요. 진짜.너어무 이뻐요. 학수고대 한 만큼 그 이상의 값어치를 합니다. 게다가 사장님도 너무너무 친절하시고 섬세하세요. 해외출장 중이셨을때도 질문에 답변 너무 성심성의껏 잘 해주셨구요. 저의 사정에 맞츄 배송도 신경써주셨어요. 감사합니다:-)
친구들에게도 적극 홍보 중이에요.
번창하시길 바랍니다!!",jpst****,18.07.17.,31,잡지꽂이,수납가구
,,,,,,,
15,5,고급스럽고 예뻐요~ 생각한것보다 컬러가 약간 어둡긴하네요,sooy****,18.07.25.,31,잡지꽂이,수납가구
,,,,,,,
16,5,넘이뻐요~,part****,18.07.31.,31,잡지꽂이,수납가구
,,,,,,,
17,5,배송은 느리지만 너무 예쁘고 좋아요,jpst****,18.07.17.,31,잡지꽂이,수납가구
,,,,,,,
18,5,잘받앗습니당!!,dhdl****,18.08.12.,31,잡지꽂이,수납가구
,,,,,,,
19,3,물건은 너무예쁜데 배송이 2주는걸린같네요;;,daun****,18.07.09.,31,잡지꽂이,수납가구
,,,,,,,
20,5,만족합니다,wjdg****,18.07.12.,31,잡지꽂이,수납가구
,,,,,,,
21,5,만족합니다!,godq****,18.06.22.,31,잡지꽂이,수납가구
,,,,,,,
22,5,좀 기다리고 있었는데.. 뭐 그것 빼면 좋습니다ㅎㅎ 10일정도 걸린다길래 목 빠지게 기다리고 있었는데..하도 안오길래 이리저리 댓글 보니까 제가 받기로 한 날보다 더 먼저 받으신 분들이 있더라구요 하하하.여튼 연락해서 집으로 직접 배송해주셔서 잘 받았습니다.퀄리티는 마음에 들어요ㅎㅎ 어디 세워놔도 예쁘긴 합니다.급한게 아니여서 그다지 신경쓰이진 않았지만 좀 아쉽네요ㅎㅎ,ran8****,18.05.14.,31,잡지꽂이,수납가구
,,,,,,,
23,5,갖고 싶었던 건데 마침 집 정리하면서 딱 사이즈가 맞는 자리가 생겨서 주문하고 오늘 받아서 책 놓았어요. 좋아하는 책들을 놓으니 더 좋네요^^,cora****,18.05.22.,31,잡지꽂이,수납가구
,,,,,,,
24,5,"예뻐요 딱 찾던거라 바로 주문했는데 너무 맘에 듭니당 
550짜리로 주문했는데 사이즈도 적당하고 너무 예뻐요
처음에 냄새가 좀 나긴했는데 밖에 좀 뒀더니 빠졌어요 예뻐요 많이 파세용",jinn****,18.04.09.,31,잡지꽂이,수납가구
,,,,,,,
25,5,만족합니다. ,jdg0****,18.05.22.,31,잡지꽂이,수납가구
,,,,,,,
26,5,엄청 기다리고 있었는데ㅎㅎㅎ ,ran8****,18.05.14.,31,잡지꽂이,수납가구
,,,,,,,
27,5,냄새가 좀 나지만 만족해요,nnho****,18.05.03.,31,잡지꽂이,수납가구
,,,,,,,
28,5,만족  카페에 인테리어하려고 두었는데 너무 예뻐요! 가격은 좀 잇지만 만족만족 :-) ㅁ예쁘게 쓸게용,sysa****,18.04.18.,31,잡지꽂이,수납가구
,,,,,,,
29,5,"넘나 조아용☆ 티비 프레임과 티비 책장이 오크 색상이라 원목 
재질에 엄청 고민하던중에 시원하게 해결해주신 
덕분에 넘나 만족하고  덕분에 거실 분위기가 확
달라졌어욤^.^
감사합니다☆",letg****,18.03.15.,31,잡지꽂이,수납가구
,,,,,,,
30,5,처음에 받았을때 약간 냄새가 나긴하는데 너무 예뿌네요!!,jinn****,18.04.08.,31,잡지꽂이,수납가구
,,,,,,,
31,5,너무 이뻐요!!! :-),sysa****,18.04.18.,31,잡지꽂이,수납가구
,,,,,,,
32,5,튼튼하고 거실분위기가 카페처럼 좋네요,naut****,18.04.03.,31,잡지꽂이,수납가구
,,,,,,,
33,5,"이뻐요!
부산에 있는 매장이라 근처라고  직접 배달해 주셨어요 감사합니다

번창하세요!",sork****,18.03.18.,31,잡지꽂이,수납가구
,,,,,,,
34,5,매거진랙을 몇날 몇일 찾던중에 '브라운브라더스'를 알게 되었고  너무 맘에 들었지만 저희집 분위기에 맞지 않을것 같아 엄청 고민하던중에 시원한 답변덕에 지금 너무 만족합니다^^,letg****,18.03.15.,31,잡지꽂이,수납가구
,,,,,,,
35,5,예뻐요 직접 배달해주시고 넘 친절하셨습니다! 랙도 너무 예쁘고 색상도 딱 원하는 색상이었어요 ~!!~!,sork****,18.03.18.,31,잡지꽂이,수납가구
,,,,,,,
36,5,너무 이쁘고 만족 스러워요,gkal****,18.03.26.,31,잡지꽂이,수납가구
,,,,,,,
37,3,안전하게 택배 잘 받았습니다 ^-^,kjh6****,18.03.11.,31,잡지꽂이,수납가구
,,,,,,,
38,5,기다린보람이 있어요 이뻐요 감사합니다 ^^,eeem****,18.03.03.,31,잡지꽂이,수납가구
,,,,,,,
39,5,이뻐요 책 고정대가 조금 흔들거리지만 괜찮아 보야요,oooo****,18.02.26.,31,잡지꽂이,수납가구
,,,,,,,
40,5,만족힙니다,rhwl****,18.01.17.,31,잡지꽂이,수납가구
,,,,,,,
41,5,아~~~ 증말 좋습니다 증말증말 져아요 ㅎㅎㅎ 넘나이쁜것 ㅠㅠ 비싼돈주고 구매하고 보름가까이 기다린 보람이 있습니다 ♥카페에서 사용중이구요 셀프인테리어 한다고 이곳저곳 보다 잡지랙을 봤는데이건 사야겟다 싶어 네이버를 몇날몇일 뒤졌습니다 ㅎㅎㅎ결국 판매하는곳 발견 ... 감사합니다 이쁜 잡지랙 잘사용중입ㄴ니다.손님들도 탐내하세요~~,spdl****,17.11.05.,31,잡지꽂이,수납가구
,,,,,,,
42,5,화면그대로입니다. 좋습니다,redf****,17.12.06.,31,잡지꽂이,수납가구
,,,,,,,
43,5,만족합니다 ,idea****,17.11.06.,31,잡지꽂이,수납가구
,,,,,,,
44,5,만족합니다 매장이 좁아 ㅠㅠ 책장을 두고싶어도 책장이 없어 포기할라는 찰나에 찾아낸 책꽂이  배송도 빠르고 친절하고 다 맘에 드내요 ㅎㅎ 감사합니다^^,coja****,17.09.06.,31,잡지꽂이,수납가구
,,,,,,,
45,5,상처난 데 없이 아주 예쁜아이로 보내주셔서 만족합니다~ㅎㅎ :),momo****,17.09.19.,31,잡지꽂이,수납가구
,,,,,,,
46,5,만족합니다,coja****,17.09.06.,31,잡지꽂이,수납가구
,,,,,,,
47,5,"카페 인테리어용으로 구입하였습니다 
좋은 물건 감사합니다 ",spdl****,17.08.18.,31,잡지꽂이,수납가구
,,,,,,,
review_no,star,review,customerId,reviewDate,pd_no,storagecate_no,category_no
,,,,,,,
1,5,일단 예뻐요 좀 가벼운게 걱정이었는데 옮기기 편해서 그것도 장점일 수 있겠어요,solb****,21.03.10.,32,잡지꽂이,수납가구
,,,,,,,
2,5,가볍고 튼튼해요 좋아요,kbsu****,21.03.17.,32,잡지꽂이,수납가구
,,,,,,,
3,3,내구성이 좀 약하고  패브릭 부분이 많이 짝짝이에요 ㅠ 그래도 예쁘긴해요.,pong****,21.01.28.,32,잡지꽂이,수납가구
,,,,,,,
4,4,"일단 생각했던것보다 얇고 흔들거려요 ㅠ
근데 디자인 넘사  너무 예뻐요!
신혼집 협탁 뭐할지 3개월 고민하다가 이거 시켰는데 넘넘 만족합니당??",pong****,20.11.08.,32,잡지꽂이,수납가구
,,,,,,,
5,5,깔끔하고 이뿌네요~~~=,eton****,20.12.15.,32,잡지꽂이,수납가구
,,,,,,,
6,5,진짜좋아요 추천합니다,ibae****,20.07.23.,32,잡지꽂이,수납가구
,,,,,,,
review_no,star,review,customerId,reviewDate,pd_no,storagecate_no,category_no
,,,,,,,
1,5,예상대로 너무 이뿌고 만족합니다,wkdx****,21.03.17.,33,잡지꽂이,수납가구
,,,,,,,
2,5,예쁘고 유용하고 인테리어 굿,lavi****,20.10.06.,33,잡지꽂이,수납가구
,,,,,,,
3,1,"이거 사면 불량이든 뭐든 관계없이 교환 환불 안 됩니다. 신청해도 모두 거절하고 연락도 없이 그냥 쌩이죠. 

문제는 재질도 픔질도 사진 처럼 거지같다는 것이고  다리 높낮이도 달라서 똑바로 세우지 못해요. 

호치키스로 떡칠한 마무리 보세요. 이런걸 파는 양심은 어떤색킨지 궁금하네요.",itco****,20.07.23.,33,잡지꽂이,수납가구
,,,,,,,
4,5,ㅌㅋㅋ네누쟈텉얃ㄷ아ㅏ눙,8638****,20.07.18.,33,잡지꽂이,수납가구
,,,,,,,
5,5,이뻐요 딱제스타일이에요라탄이라조아요,yjci****,19.11.28.,33,잡지꽂이,수납가구
,,,,,,,
6,5,예쁩니다 크기도 적당하구 색상도 맘에들어요,cucu****,19.11.29.,33,잡지꽂이,수납가구
,,,,,,,
7,5,이뻐요 배송오류가 있었지만 잘 받았습니다ㅔ,ntst****,19.09.16.,33,잡지꽂이,수납가구
,,,,,,,
8,5,사진처럼 인테리어 소품으로 포인트를 주는 것 같아요,ksj4****,19.07.05.,33,잡지꽂이,수납가구
,,,,,,,
9,5,엔틱하면서 멋스러워요,aw_k****,19.06.25.,33,잡지꽂이,수납가구
,,,,,,,
10,5,사진과같아요 이뻐요,wkd8****,19.05.22.,33,잡지꽂이,수납가구
,,,,,,,
review_no,star,review,customerId,reviewDate,pd_no,storagecate_no,category_no
,,,,,,,
1,4,예쁘네요. 책도 많이 수납되고 색도 예뻐요,tina****,20.12.10.,34,잡지꽂이,수납가구
,,,,,,,
2,4,생각보다 작지만 사진 그대로이고 견고해 보입니다.,kkji****,20.05.07.,34,잡지꽂이,수납가구
,,,,,,,
3,5,거실에 책이 어지러져 있어서 구매했는데 깔끔하게 정리되었어요.잡지꽂이 2단도 구매 할거예요,sjms****,20.03.16.,34,잡지꽂이,수납가구
,,,,,,,
4,5,깔끔하고 좋아요 만족합니당 ㅎㅎ,123d****,20.01.08.,34,잡지꽂이,수납가구
,,,,,,,
5,4,"거실 탁자 옆 자질구레한 서류나 종이 수납하려고 선택했어요~ 생각보다 약간 작지만   짜임새 있고 매끄럽습니다. 
약간 가격이 높다 생각되어 별 하나 뺐습니다.
예쁘긴 합니다. 정갈한 타잎 좋아하시는 분들은 선택하셔도 후회없을 듯요..인테리어 효과로 좋아요.",leop****,19.10.18.,34,잡지꽂이,수납가구
,,,,,,,
6,5,재질도 괜찮고  크기도 적당해요. 잡동사니 정리 하기 딱이에요.!,mjaa****,19.10.19.,34,잡지꽂이,수납가구
,,,,,,,
7,5,집에 지져분하게 널부러져 있는 잡지들 깔끔하게 정리할 수 있어서 좋아요,udxh****,19.10.31.,34,잡지꽂이,수납가구
,,,,,,,
8,5,배송이 빠르네요 물건도 사진과 동일합니다,miso****,19.10.13.,34,잡지꽂이,수납가구
,,,,,,,
9,4,사진보다 직접보니 더 깔끔해요,dsan****,19.08.03.,34,잡지꽂이,수납가구
,,,,,,,
10,3,사이즈는 딱 좋은데 사진처럼 고급스런 느낌은 아닙니다.,ywoo****,19.04.10.,34,잡지꽂이,수납가구
,,,,,,,
11,5,화장실에 거치대겸 샀는데 디자인도 너무 이쁘고 사이드에 딱 들어가요. 맘에 드네요 ㅎㅎ 물건도 튼튼하고 색도 이쁩니다.,b751****,19.02.25.,34,잡지꽂이,수납가구
,,,,,,,
12,5,"피아노 배우는 딸을 위해 구매했습니다
집안 가구들과도 어울리네요
샌딩과 마김오일에 신경을 써주셨으면하는 아쉬움이 있습니다",lost****,19.01.10.,34,잡지꽂이,수납가구
,,,,,,,
13,4,컬러도 내츄럴하고 아담한 크기~~표면이 다소 거칠고 나무냄새인지 냄새가 좀 나서 말려놨어요,jinn****,19.02.14.,34,잡지꽂이,수납가구
,,,,,,,
14,5,화면하고는 조금다른브라운이지만 따뜻한느낌의 브라운컬러네요 배송도빠르구요 2단이랑 고민했는데 1단도 수납이 넉넉하게되네요,peti****,19.01.03.,34,잡지꽂이,수납가구
,,,,,,,
15,4,배송도 ㅃㅏ르고 깔끔하게 사용하기 좋아요,psd1****,19.01.17.,34,잡지꽂이,수납가구
,,,,,,,
16,4,잘쓸게요마음에드네요오,ehhw****,19.01.11.,34,잡지꽂이,수납가구
,,,,,,,
17,5,자리도 많이 차지하지 않고요. 탁자에 항상 보던 책들이 널부러져 있는 게 어지러워 보여서 정리하려고 샀는데 깔끔하고 고급스러워요. 실내화를 꽂아도 괜찮네요.,ljsm****,18.12.23.,34,잡지꽂이,수납가구
,,,,,,,
review_no,star,review,customerId,reviewDate,pd_no,storagecate_no,category_no
,,,,,,,
1,5,"늘 식탁위에 신문이랑 책이 너저분했는데
덕분에 깔끔하게 보관이 가능하네요 좋아요!!!",mysh****,21.01.05.,35,잡지꽂이,수납가구
,,,,,,,
2,5,가격대비 만족합니다~~,hyos****,20.12.08.,35,잡지꽂이,수납가구
,,,,,,,
3,5,제품이 견고하고  인테리어 소품으로 놓기에 디자인도 예뻐요~,dian****,20.11.30.,35,잡지꽂이,수납가구
,,,,,,,
4,5,"포장이 엄청나게 꼼꼼하네요 ㅎㅎ 
매거진랙 깔끔하고 예뻐요~~",dian****,20.09.27.,35,잡지꽂이,수납가구
,,,,,,,
5,5,생각했던 디자인 그대로 와서  좋았어요,dcom****,20.09.09.,35,잡지꽂이,수납가구
,,,,,,,
6,5,"빠른배솔!
제품 너무 이쁨니다!",yooo****,20.06.06.,35,잡지꽂이,수납가구
,,,,,,,
review_no,star,review,customerId,reviewDate,pd_no,storagecate_no,category_no
,,,,,,,
1,5,보통예요 마감이 고급스럽진 않아요ㅠ,baka****,21.01.19.,36,잡지꽂이,수납가구
,,,,,,,
2,5,오자마자 바로 걸어봤어여~~~밋밋했던곳이 완전이쁘게 바뀌었어여~~~♡잘쓰겠습니당,miki****,21.01.08.,36,잡지꽂이,수납가구
,,,,,,,
3,5,노트북 거치대로 잘사용하고있어요,cloo****,20.08.01.,36,잡지꽂이,수납가구
,,,,,,,
4,5,생각보다 작지만 컴퓨터 책상옆에 딱이어요,yoen****,19.12.12.,36,잡지꽂이,수납가구
,,,,,,,
5,4,매번식탁위에 올려놓아서 지저분한 우편물정리하려고구매했어요. 식탁위가 깨끗해져서 기분좋아요~,redl****,19.10.01.,36,잡지꽂이,수납가구
,,,,,,,
6,5,좋아요 좋아요 좋아요 좋아요 좋아요 좋아요 좋아요 좋아요 좋아요 좋아요 좋아요 좋아요 좋아요 좋아요 좋아요,miae****,19.11.03.,36,잡지꽂이,수납가구
,,,,,,,
7,5,좋아요 좋아요 좋아요 좋아요 좋아요 좋아요 좋아요 좋아요,miae****,19.11.03.,36,잡지꽂이,수납가구
,,,,,,,
8,4,"생각보다 조금작은느낌이지만
우편물정리해서 꽂아두긴 딱이에요",jhly****,19.07.15.,36,잡지꽂이,수납가구
,,,,,,,
9,4,생가보다쫌작긴한데 디쟈인도이뿌고 실용적일꺼가타요,vndw****,19.02.11.,36,잡지꽂이,수납가구
,,,,,,,
10,3,그저그래요.너무싼티나요,yahm****,19.01.14.,36,잡지꽂이,수납가구
,,,,,,,
11,2,포장이랑 배송은 맘에 드는데 예쁘진 않아요 ㅠㅠ,sksm****,19.01.05.,36,잡지꽂이,수납가구
,,,,,,,
12,5,"사이즈도 좋은데  거는게 좀 얙해 보여요.
전반적으로 굳",leja****,18.12.05.,36,잡지꽂이,수납가구
,,,,,,,
13,5,"마감처리 골드프레임 견고해요 앱상에서 사진만보고
주문했다가 실물 허접한적 많았어요
근데 요거는 사진보다 실물이 더 이쁘네요^^
식탁위 어지럽게 있던 우편물들
쏙~모아놨어요~~~♡

또..배송포장 3중으로 되어와서
더더더 만족 합니다",smto****,18.10.13.,36,잡지꽂이,수납가구
,,,,,,,
14,3,"쏘쏘합니다 가격대빈 쏘쏘
걍 2~3천원가치지만
이뻐서삿어요
예상대로..걍 그런데
그래도 이쁘니까 잘쓸게요",chuu****,18.10.22.,36,잡지꽂이,수납가구
,,,,,,,
15,5,허전한 데스크나 화장대에 올리기 좋아요,only****,18.11.01.,36,잡지꽂이,수납가구
,,,,,,,
16,5,완전조아요 ,rain****,18.10.26.,36,잡지꽂이,수납가구
,,,,,,,
17,5,맘에 들어요,iams****,18.10.22.,36,잡지꽂이,수납가구
,,,,,,,
18,5,가격대비 아쉬유ㅣ요,chuu****,18.10.22.,36,잡지꽂이,수납가구
,,,,,,,
19,5,"사진 실물 동일함...
완전 실물 깡패임",smto****,18.10.13.,36,잡지꽂이,수납가구
,,,,,,,
20,5,완전조아요 ,rain****,18.10.12.,36,잡지꽂이,수납가구
,,,,,,,
21,5,"사진처럼  생겼어요 책이 한4권정도  들어가더라고요  두깨가 두껍지않아서인지 ㅋ  위에 고리로 걸어도 되지만  전!  요렇게 둘라고요 ㅋ 용도는 쓰기나름인듯해요 ㅋ
잘받았어요  마니파세요~!!!",cool****,18.08.21.,36,잡지꽂이,수납가구
,,,,,,,
22,5,정말 만족 강추합니다ㅏㅏㅏㅏㅏㅏㅏ 후기가 없어 고민좀 했지만못보던 디자인이고 가격대비 괜찮아서 바로 구매했어요!!진짜 너무 이쁘고 귀엽고 정말 좋아요~~~현관문에 걸건데 어떻게 걸어야 할지 고민중~~3m테이프로 잘 고정만 하면 잘 붙을것같기도 해요!무거운것만 넣지 않는다면!저희집 현관문안쪽이 검정색인데 너무 잘 어울릴거같네요 배송도 빨리왔고 잘쓸게요^^^^,3816****,18.08.16.,36,잡지꽂이,수납가구
,,,,,,,
23,5,좋아요 작은책 이나 명세서 둘려고 구입 했어요 마블스타일이라 깔끔하고 넘맘에들어요 사진처럼 집게도같이 팔았음더 좋았을거같아요~~,yuic****,18.08.16.,36,잡지꽂이,수납가구
,,,,,,,
24,5,"넉넉한 사이즈 사이즈도 넉넉하니 두꺼운 잡지도 들어가겠어요.. 벽에 걸 수도있고요.
잡지 아니어도 다양하게 쓸 수 있을 듯해요.
영수증이라든지^^;",heol****,18.08.17.,36,잡지꽂이,수납가구
,,,,,,,
25,5,굿 골드랑 마블,woow****,18.09.19.,36,잡지꽂이,수납가구
,,,,,,,
26,5,"후기보고 믿고삼 만족합니다 굿
ㅣㄷㄱㅇㅂㄷㄱ디ㅉㅂㄷㄱㄷ긧ㅣㄷㄱㄷㅂㄷㄱ짖ㄷㄱㄷㅂㄷㄱ짖ㄷㅂㄷ닛ㅇㄱㄷㄱ틷ㄱㅈㄱㅊㅋㅇ",woow****,18.09.19.,36,잡지꽂이,수납가구
,,,,,,,
27,5,사이즈도 넉넉하니 좋네요,heol****,18.08.17.,36,잡지꽂이,수납가구
,,,,,,,
28,5,못보던 디자인이라 굿굿굿,3816****,18.08.16.,36,잡지꽂이,수납가구
,,,,,,,
29,5,사진과같아요~!!!,cool****,18.08.21.,36,잡지꽂이,수납가구
,,,,,,,
30,5,깔끔해서 굿!!,yuic****,18.08.16.,36,잡지꽂이,수납가구
,,,,,,,
review_no,star,review,customerId,reviewDate,pd_no,storagecate_no,category_no
,,,,,,,
1,5,친구 선물해줬는데 엄청 맘에들어해서 제기분이 더 좋네요~빠른배송 감사합니다^^,yss2****,19.10.26.,37,잡지꽂이,수납가구
,,,,,,,
2,5,이쁘네요 가격은 좀더싸도될꺼같음,dugu****,19.07.23.,37,잡지꽂이,수납가구
,,,,,,,
3,5,생각보다 가벼워요~ 잘쓸게요^^,yeji****,19.03.02.,37,잡지꽂이,수납가구
,,,,,,,
review_no,star,review,customerId,reviewDate,pd_no,storagecate_no,category_no
,,,,,,,
1,4,디자인 깔끔하고 정리하기 좋아요,mori****,20.07.28.,38,잡지꽂이,수납가구
,,,,,,,
2,5,가방 둘 목적으로 구매했는데 예쁘네요,hee_****,20.03.30.,38,잡지꽂이,수납가구
,,,,,,,
3,4,상품 자체에 스크래치가 있네요. 그점 말고는 사진과 같고 인테리어 소품으로 좋네요,sua6****,19.09.17.,38,잡지꽂이,수납가구
,,,,,,,
4,5,"쇼파옆에 두고 자르쓰고있습니다
디자인이 깔끔하니 좋아요",ssoi****,19.08.01.,38,잡지꽂이,수납가구
,,,,,,,
review_no,star,review,customerId,reviewDate,pd_no,storagecate_no,category_no
,,,,,,,
1,5,"2.5 주문
오늘 받았어용
넘 이뽀",wkda****,21.02.18.,39,잡지꽂이,수납가구
,,,,,,,
2,5,고민할 필요가 없었어요 그냥 최고,daru****,20.12.31.,39,잡지꽂이,수납가구
,,,,,,,
3,5,"예쁘네요
두개걸어야 더예쁠거같아서
배송받고 바로 하나더 주문했는데
휴가기간이라 시일이걸린다네요^^;
빨리왔음 좋겠어요",vivi****,20.07.29.,39,잡지꽂이,수납가구
,,,,,,,
4,5,"하나사서 걸어보니 두개걸어야이쁠거같아
급하게 주문했는데 휴가기간걸려 기다렸다받았어요
나란히~위아래 걸어두니 세상~이쁩니다♡",vivi****,20.08.05.,39,잡지꽂이,수납가구
,,,,,,,
5,5,가격 저렴하고  배송도 빨라요,saeb****,20.07.27.,39,잡지꽂이,수납가구
,,,,,,,
6,3,만족스러워요 디자인너무 이쁘네요,sara****,20.06.05.,39,잡지꽂이,수납가구
,,,,,,,
7,5,기다린만큼 튼튼하고 좋아요 생각보다 어둡네용 흔하지 않은 나무색이라 더 고급스러운것같고 좋아요,lji9****,20.05.21.,39,잡지꽂이,수납가구
,,,,,,,
8,5,소녀서가 카페도 너무 좋았어요,aegi****,20.05.07.,39,잡지꽂이,수납가구
,,,,,,,
9,5,집분위기도 달라지고 좋네요,aegi****,20.05.07.,39,잡지꽂이,수납가구
,,,,,,,
10,3,리뷰들이 너무 좋아서 너무 기대했었나봐요..  쓰임은 좋을것 같은데 걱정했던데로 색이 너무 어두워서 집에 걸기엔 많이 칙칙해요..,swki****,20.05.08.,39,잡지꽂이,수납가구
,,,,,,,
11,5,직접 찾으러 갔는데 너무 친절하시고 제품도 너무 마음에 들었습니다^^ 또 사러 갈게요!,aegi****,20.03.30.,39,잡지꽂이,수납가구
,,,,,,,
12,5,직접 찾으러 갔는데 너무 친절하시고 제품도 너무 마음에 들었습니다^^,aegi****,20.03.30.,39,잡지꽂이,수납가구
,,,,,,,
13,5,"제가 구매할땐 잡지사이즈밖애 없었는데 아쉽네요?? 그래도 엽서 세워두니 너무 이뻐요ㅎㅎ
다만 와이어 레일걸이로 걸어두니 벽에 딱 붙진 않아요",goh1****,20.01.31.,39,잡지꽂이,수납가구
,,,,,,,
14,5,크기 딱이고요 튼튼해요 제작상품이라 배송은 오래걸렷는데 좋아요,nuji****,19.12.30.,39,잡지꽂이,수납가구
,,,,,,,
15,3,낮은 책 넣는걸로 샀는데 중간 대가 배송중에 그런건지는 모르겠지만 부러졌네요. 2개시켜서 하나는 정상으로 왔고  반품하려다 그냥 버립니다.,rast****,19.11.20.,39,잡지꽂이,수납가구
,,,,,,,
16,4,가볍고 이뻐요! 맘에듭니다:-),sihe****,19.10.10.,39,잡지꽂이,수납가구
,,,,,,,
17,5,"벽을 완성시켰어요.
잠자기전 책읽기.",naya****,19.08.10.,39,잡지꽂이,수납가구
,,,,,,,
18,5,배송 빠르고 좋습니다,keh8****,19.08.09.,39,잡지꽂이,수납가구
,,,,,,,
19,5,"공간차지 안해서 좋고 예쁘네요~
작은책용 구매하시길 추천요!",yes_****,19.07.14.,39,잡지꽂이,수납가구
,,,,,,,
20,5,잘 쓰고 있어요 생각보다 커요 무척 빨리왔어요 감사합니다,luna****,19.07.09.,39,잡지꽂이,수납가구
,,,,,,,
21,3,"카페에 잡지두려고 구매햇는데 아주만족해요
 너무 예쁘고 밋밋햇던 벽이 확 삽니다!!",jisu****,19.06.24.,39,잡지꽂이,수납가구
,,,,,,,
review_no,star,review,customerId,reviewDate,pd_no,storagecate_no,category_no
,,,,,,,
1,5,실물이 더 이쁜거 같아용,soob****,20.07.28.,40,잡지꽂이,수납가구
,,,,,,,
2,5,사진과 비슷합니다~,moxn****,19.08.14.,40,잡지꽂이,수납가구
,,,,,,,
3,5,꼼꼼한 포장 굿 디자인 배송은 입고가 늦어져서 배송 지연된다고 먼저 연락주셨고요  상품을 월요일쯤에 주문했다가 금요일에 받았는데  상뭎에 스크래치 안 나도록 잘 포장해서 보내주셨어요~ 많이 파세요.,true****,18.10.29.,40,잡지꽂이,수납가구
,,,,,,,
4,5,꼼꼼히 포장해서 보내주셨어요. 입고가 늦는다고 배송 지연 먼저 연락주셨고요~ 다행히 급했던 건이 아니어서 .. 잘 받았습니다~ ,true****,18.10.29.,40,잡지꽂이,수납가구
,,,,,,,
5,5,타 제품보다 마감도 완성도 높음 만족입니다,woni****,18.10.24.,40,잡지꽂이,수납가구
,,,,,,,
6,3,좋아요 좋아요 좋아요 좋아요,this****,18.11.16.,40,잡지꽂이,수납가구
,,,,,,,
7,5,완전 이쁩니다,tnth****,18.10.19.,40,잡지꽂이,수납가구
,,,,,,,
8,5,"너무맘에듭니다 배송은좀걸린거같구요
제품은아주깨끗한제품으로도착했네요
어찌나꼼꼼히포장이되어있던지 뜯는데한참걸렸네요~
판매자님 무척친절하시고 좋은구매였어요
여기다른제품들도고급스럽고특이한거많아서다른것도구매하려구요",chan****,18.08.11.,40,잡지꽂이,수납가구
,,,,,,,
9,5,이뿌네요 ~~굿,kill****,18.09.29.,40,잡지꽂이,수납가구
,,,,,,,
10,5,좋아요 좋아요  좋아요 좋아요 잘 샀어요 좋아요 좋아요 좋아요 좋아요 좋아요 좋습니다 좋습니다 좋습니다 좋습니다,this****,18.09.04.,40,잡지꽂이,수납가구
,,,,,,,
11,5,좋아요 좋아요 ,this****,18.09.04.,40,잡지꽂이,수납가구
,,,,,,,
12,5,너무이쁘네요,chan****,18.08.11.,40,잡지꽂이,수납가구
,,,,,,,
review_no,star,review,customerId,reviewDate,pd_no,storagecate_no,category_no
,,,,,,,
1,5,고급지고 이뻐요 이가격으로 안보입니다 굿,xkrr****,20.11.09.,41,잡지꽂이,수납가구
,,,,,,,
2,5,사진만큼 이뻐요 감사해요,umta****,20.11.02.,41,잡지꽂이,수납가구
,,,,,,,
3,5,색감이 너무 이쁘고 마음에 들어요,jaeo****,20.10.09.,41,잡지꽂이,수납가구
,,,,,,,
4,5,"마음에 들어요
나머지 하나도 빨리 왔으면 좋겠어요",jaeo****,20.09.24.,41,잡지꽂이,수납가구
,,,,,,,
5,2,약간 뜯긴 부분 있는데 교환 귀찮아서 걍 씁니다,gira****,20.08.24.,41,잡지꽂이,수납가구
,,,,,,,
6,5,"요런거 다른사이트서 계속 찾아보고 마지막에 이걸로 결정했네요~~
금액대비 이뻐요^^",pmyy****,20.06.20.,41,잡지꽂이,수납가구
,,,,,,,
7,4,배송빠르고 좋아용ㅇㅇㅇ,jazz****,20.08.01.,41,잡지꽂이,수납가구
,,,,,,,
8,5,배송도 빠르고 좋아요~,smur****,20.07.09.,41,잡지꽂이,수납가구
,,,,,,,
9,5,배송도 빠르고 제품도 아주 만족스럽습니다!,qt99****,20.04.11.,41,잡지꽂이,수납가구
,,,,,,,
10,5,화면그대로고 이뻐요~ 은근 고급스러워서 인테리어용으로 딱이네요~^^,coco****,20.03.20.,41,잡지꽂이,수납가구
,,,,,,,
11,5,배송 빠르고 좋아요,smur****,20.04.20.,41,잡지꽂이,수납가구
,,,,,,,
12,5,사진발이 아니라 정말 판매 사진 그대로 입니다. 완전 만족스럽고 좋습니다. 배송도 빠르고 뽁뽁이로 꼼꼼히 포장되어왔어요. 구매하시면 후회없을것 같아요,mi86****,20.02.22.,41,잡지꽂이,수납가구
,,,,,,,
13,5,신문정리용으로 구매했는데 아무데나 널부러져 있던 신문이 깔끔하게 정리되어 좋고 북유럽풍으로 꾸민 집안 인테리어와도 조화가 잘 되네요.,yeoh****,20.02.23.,41,잡지꽂이,수납가구
,,,,,,,
14,4,깔끔하고 예쁩니다.,amaz****,20.02.27.,41,잡지꽂이,수납가구
,,,,,,,
review_no,star,review,customerId,reviewDate,pd_no,storagecate_no,category_no
,,,,,,,
1,4,좋네요  많이 판매 하십시오.,woon****,20.03.18.,43,잡지꽂이,수납가구
,,,,,,,
2,3,"무난한 디자인 보통인거같아요 생각보다 사이즈가 작아요
배송은 일주일좀 넘게 걸린듯
왠지 두개정도는 나둬야 이쁠고같은
하나만두니 허전함 ㅜ",whdt****,18.01.20.,43,잡지꽂이,수납가구
,,,,,,,
3,3,보통인거같아요 생각보다 사이즈가 작아서 당황햇던,whdt****,18.01.20.,43,잡지꽂이,수납가구
,,,,,,,
4,5,"저희도 병원 건물이 제품 설명 사진처럼 벽돌로 되어있는 데
매우 잘 어울립니다. 무게감이 있어서 쓰러질 것 같지 않고
안정감이 있고요. 매우 만족합니다.
",neop****,17.10.20.,43,잡지꽂이,수납가구
,,,,,,,
5,3,수제라그런지 배송은 좀 걸렸습니다.,tnwl****,17.09.15.,43,잡지꽂이,수납가구
,,,,,,,
6,5,상담까지친절하게해주시고만족합니다 아침일찍 택배가왔어요 포장상태도좋고요 아직디피전이지만 아주예쁠듯합니다두가지컬러나름느낌있네요미끄럼방지도해주셔서좋아요 많이파세요 ,sasa****,17.03.27.,43,잡지꽂이,수납가구
,,,,,,,
7,5,좋아요 상담까지친절하게해주시고만족합니다 아침일찍 택배가왔어요 포장상태도좋고요 아직디피전이지만 아주예쁠듯합니다두가지컬러나름느낌있네요미끄럼방지도해주셔서좋아요 많이파세요,sasa****,17.03.27.,43,잡지꽂이,수납가구
,,,,,,,
8,5,만족합니다 사진과 같이 멋스러워요~~,chaj****,17.03.06.,43,잡지꽂이,수납가구
,,,,,,,
9,5,만족스럽급니다,bong****,17.02.27.,43,잡지꽂이,수납가구
,,,,,,,
10,5,"나무 모양 마음에 들어요~ 
이뻐요^^",osug****,17.02.19.,43,잡지꽂이,수납가구
,,,,,,,
review_no,star,review,customerId,reviewDate,pd_no,storagecate_no,category_no
,,,,,,,
1,5,예뻐요 예뻐요  예뻐요,zx55****,20.05.01.,44,잡지꽂이,수납가구
,,,,,,,
2,5,"배송이 늦을것 같다고 하셨는데
빨리 비ㅣㄷ았어요
사이즈는 생각보다는 작지만
만족합니다",pure****,19.06.12.,44,잡지꽂이,수납가구
,,,,,,,
3,5,"지인에게 선물을 햇는덱
맘에 든다하니 다행입니닥.ㅎ",to69****,19.05.03.,44,잡지꽂이,수납가구
,,,,,,,
4,5,마치 선물받는 듯한 예쁜 포장에 감동했구요  재질  색상  크기 모두 제가 기대했던 그대로라서 만족스럽습니다. 식탁 위에 올려둘 수도 있을 만큼 예뻐요. 아이 교재를 담는 용도로 사용할 계획입니다.,tuzi****,19.03.26.,44,잡지꽂이,수납가구
,,,,,,,
5,4,생각보다 이뻐요조아여,sunj****,19.04.19.,44,잡지꽂이,수납가구
,,,,,,,
6,4,아담한 사이즈인데 예뻐요,crys****,19.03.28.,44,잡지꽂이,수납가구
,,,,,,,
7,5,예뻐요~ 만족합니다~,blue****,18.10.09.,44,잡지꽂이,수납가구
,,,,,,,
review_no,star,review,customerId,reviewDate,pd_no,storagecate_no,category_no
,,,,,,,
1,5,이뻐서여러개샀어요배송도빨라요,kkb0****,20.09.26.,45,잡지꽂이,수납가구
,,,,,,,
2,5,"유용해요
게다가 아주 이쁘다지요
다만 평행은 안맞지만ㅋㅋ",haid****,20.07.25.,45,잡지꽂이,수납가구
,,,,,,,
3,4,"마침 책꽂이가 있으면 좋겠다 싶다가 다른 상품 주문하면서 함께 주문해봤어요
콘솔아래 자투리 공간에 넣기 좋았어요",0119****,20.04.03.,45,잡지꽂이,수납가구
,,,,,,,
4,5,튼튼하고 이뻐용ㅋㅋ 인테리어효과짱~~,jihe****,20.03.23.,45,잡지꽂이,수납가구
,,,,,,,
5,5,책장없는 책상에 급한데로 한번데 고정감도잏고 좋네요,nom2****,20.02.25.,45,잡지꽂이,수납가구
,,,,,,,
6,5,귀여워요 ㅋㅋ잘샀어요,fiol****,19.09.07.,45,잡지꽂이,수납가구
,,,,,,,
7,5,귀여워요 ㅋㅋ잘샀어요,fiol****,19.09.07.,45,잡지꽂이,수납가구
,,,,,,,
8,4,이쁜데 폭이 종아서 약간 불편,tia1****,19.06.23.,45,잡지꽂이,수납가구
,,,,,,,
review_no,star,review,customerId,reviewDate,pd_no,storagecate_no,category_no
,,,,,,,
1,3,빠른배송이 맘에 들어요 이뿐건 덤이네요,saea****,20.07.15.,46,잡지꽂이,수납가구
,,,,,,,
2,5,"매거진랙이나 스툴 많이 찾아보가가 이게 젤 이뻐서 구입했어요. 가격이 좀 있는편인데 나무로 만들어지는거다 보니 마감이 완벽하진 않다는게 좀 망설여졌었는데 
생각보다 튼튼하고 쉽게 망가질 것 같지 않아요. 
디자인이 우선 너무 예뻐서 기분좋구 생각보단 작은편이구요. 배송도 빨라서 좋았어요!! 잘쓸게요~",wpff****,20.04.29.,46,잡지꽂이,수납가구
,,,,,,,
3,5,넘  좋아요 맘애듭니다 감사해요,ehih****,20.04.15.,46,잡지꽂이,수납가구
,,,,,,,
4,5,디자인 정말 마음에듭니다,rhrj****,20.03.10.,46,잡지꽂이,수납가구
,,,,,,,
5,3,"크기가 생각보다는 아담해서 쪼끔 당황했는데 상세사이즈 확인안한 제 잘못이니까요   
그래도 집에 놓고 보니 이쁘기는 정말 이뻐요
특히 유리가 엄청 포인트됩니다.
다만 상품 검수 꼼꼼히 부탁드려요
스티커 자국이 그대로 왔어요
나무 갈라짐은 예상했던것보다 심해서 조금 당황하긴 했지만 상품특성이라니 감수하려구요",tjsg****,19.10.30.,46,잡지꽂이,수납가구
,,,,,,,
6,5,배송이 꽤 빨랐구요  유리가 포함되어있어 걱정했는데 안전하게 포장되어 와서 문제 없었어요. 소파옆 커피테이블 겸으로 샀어요. 베이지에 가까운 컬러라 화이트 인테리어랑도 잘 어울리고 이뻐요!,saea****,19.10.11.,46,잡지꽂이,수납가구
,,,,,,,
7,5,사진이랑 똑같아요~~잘받았습니다~~,blue****,19.10.16.,46,잡지꽂이,수납가구
,,,,,,,
8,4,원하던 디자인이에요 이런 유리 좋아해요,pisc****,19.09.11.,46,잡지꽂이,수납가구
,,,,,,,
review_no,star,review,customerId,reviewDate,pd_no,storagecate_no,category_no
,,,,,,,
1,5,"만족1000
친절도1000
배송도빠르고 이제서야 알아서
아쉬울뿐입니다^^",cmpa****,18.09.29.,48,잡지꽂이,수납가구
,,,,,,,
review_no,star,review,customerId,reviewDate,pd_no,storagecate_no,category_no
,,,,,,,
1,4,"잘받았습니다
어머니가 마음에 들어하시네요",izoa****,19.10.02.,49,잡지꽂이,수납가구
,,,,,,,
2,5,디자인은 맘에 들어요 근데 바닥면이 까글거려서 바닥이 다 끈혀버렸네요,song****,19.06.21.,49,잡지꽂이,수납가구
,,,,,,,
3,5,완전 맘에 들어요  분위기 있어요,song****,19.05.15.,49,잡지꽂이,수납가구
,,,,,,,
4,3,서랍이꼭맞지않아 약간벌어짐,dudd****,18.06.15.,49,잡지꽂이,수납가구
,,,,,,,
5,5,"아주 고급스럽고 좋아요 콘솔제품 찾다가 구매하게 되었어요 엔틱 잡지대라고 되있지만 서랍도 있고 협탁식으로 써도 좋네요~밑에부분도 디자인이 예뻐요~가격대비 너무 훌륭한 제품이라 
생각해요~높이는 일반콘솔보단 낮으니까 센치확인 하시구요~아주아주 예뻐요~",pils****,16.11.28.,49,잡지꽂이,수납가구
,,,,,,,
6,5,예뻐요. 만족합니다,seul****,16.12.27.,49,잡지꽂이,수납가구
,,,,,,,
7,5,"엔틱협탁 찾다가 발견했어요~ 높이는 좀 낮지만 고급스럽고 윗부분은 꽤 넓어서 뭔가 올려놓기도 좋구요~
좋은제품 좋은가격에 잘 산것같아요~
",pils****,16.11.28.,49,잡지꽂이,수납가구
,,,,,,,
review_no,star,review,customerId,reviewDate,pd_no,storagecate_no,category_no
,,,,,,,
1,5,예쁘고 정리가 잘 되요~~~~,hild****,19.06.01.,51,잡지꽂이,수납가구
,,,,,,,
2,3,인테리어 효과로는 좋습니다,acid****,19.03.20.,51,잡지꽂이,수납가구
,,,,,,,
3,5,이뻐요 사진과 같습니다 만족합니다,cher****,19.02.24.,51,잡지꽂이,수납가구
,,,,,,,
4,4,밑에받침이 있는줄알았어요 ?사진상으로 있는줄?,0726****,19.01.09.,51,잡지꽂이,수납가구
,,,,,,,
5,3,재구매 의사는 없습니다.  2018년 09월 17일 주문/결제했는데 2018년 09월 29일 배송받았습니다. 추석연휴기간을 (22일-26일) 생각하더라도 너무 늦은 배송이라고 생각합니다.사전에 문자 또는 전화로 안내만 받았어도 괜찮았을텐데  아쉽습니다. 하단에는 상판이 없어서 다른 구매자분들처럼 큰 책으로 상판역할을 하여 사용합니다.(홈페이지 상세정보 이미지에 상판이 없는 이미지를 제가 놓쳤네요. 문구가 따로 적혀있었으면 합니다.) 크기는 잡지 '시리얼  킨포크' 가로길이가 딱 맞는 정도이고 'W' 잡지는 안들어가는 크기입니다. 디자인과 색상은 만족합니다.  감사합니다.,oono****,18.09.30.,51,잡지꽂이,수납가구
,,,,,,,
6,5,카페느낌이 물씬~^^,jjab****,18.12.08.,51,잡지꽂이,수납가구
,,,,,,,
7,5,배송 및 품질 만족합니다.,loan****,18.11.24.,51,잡지꽂이,수납가구
,,,,,,,
8,2,하단 상판없음  09월 17일 주문했는데 09월 29일 도착했어요. (연휴기간이있었다해도 늦은 배송) 택배포장상태도 별로네요.,oono****,18.09.30.,51,잡지꽂이,수납가구
,,,,,,,
9,5,카페느낌나고 좋은데 상판이없어 불편합니다,jjab****,18.09.14.,51,잡지꽂이,수납가구
,,,,,,,
10,5,처 처음에 밑에 판이 없다는걸 몰랏지만 사진속에도 잡지나 다른거를 올려놓고 찍은거더라규요 그러니 상관없이 너무 멋진거 같아요 ㅎ 선물용으로 보내서 사진이 없어요 마니파세요,wlsq****,18.07.07.,51,잡지꽂이,수납가구
,,,,,,,
11,3,자알 받았습니다!!,crcr****,18.06.28.,51,잡지꽂이,수납가구
,,,,,,,
12,2,받침이 없이 철제만 있는 제품인줄 모르고 주문했어요. 화이트 주문했는데 블랙으로 오고 배송도 늦고 ㅠㅠ 반품도 힘들게 되 있네요. 반품하기 귀찮아서 씁니다,mayr****,18.04.15.,51,잡지꽂이,수납가구
,,,,,,,
13,5,잡지 쌓아두니 좋으네요 ㅎㅎ 인테리어 효과로 좋아욥,supe****,18.04.19.,51,잡지꽂이,수납가구
,,,,,,,
14,5,"생각보다 작아요
그래서 좋으네요^^",upop****,18.04.16.,51,잡지꽂이,수납가구
,,,,,,,
15,5,예쁘고좋아요,gudi****,18.04.18.,51,잡지꽂이,수납가구
,,,,,,,
16,3,그냥 구멍이 뜷어져잇어사 당황해ㅛ어요 ㅋ 밑에 상판이 없엇네요... ㅋ우ㅜ낭ㅋㅋ큰책으로 받쳐나애할듯 ㅜ추차차ㅏㅏ다ㅏ워ㅏㅏㅌ,unth****,18.04.12.,51,잡지꽂이,수납가구
,,,,,,,
17,3,윽 밑에 상판이 없엇네요 ㅋ,unth****,18.04.12.,51,잡지꽂이,수납가구
,,,,,,,
18,5,"마감 아주 훌륭합니다 보통 철제는 이음새등이 좀 별로인데 완전 깔끔하고 이뻐요 
저는 책걸이보다는 젖은 수건걸이나 행주 말리는 용으로 구매했어요",cute****,18.03.21.,51,잡지꽂이,수납가구
,,,,,,,
19,5,"굿 조아요 ㅋㅋㅋ 
구런데 생각보다 작아요 ㅋㅋ 
그래도 거실에 두니 좋습니당 ㅋㅋ감사해뇬ㅋㅋㅋ",purp****,18.03.09.,51,잡지꽂이,수납가구
,,,,,,,
20,3,배송 빨랐어요,rdks****,18.03.06.,51,잡지꽂이,수납가구
,,,,,,,
21,5,조아뇨 ㅋㅋㅋ,purp****,18.03.04.,51,잡지꽂이,수납가구
,,,,,,,
review_no,star,review,customerId,reviewDate,pd_no,storagecate_no,category_no
,,,,,,,
1,5,빠른 배송 감사드립니다,shin****,19.04.07.,52,잡지꽂이,수납가구
,,,,,,,
2,5,특이하고♡고급스럽습니다♡마무리나ㆍ짜임이ㆍ너무꼼꼼하셔서ㆍ제품이ㆍ하나같이다고급스럽고ㆍ예쁘네요~실느낌도ㆍ다른곳과다르게ㆍ톡톡하니ㆍ아주좋아요~여러개만드시느라ㆍ너무고생하셨어요♡고맙습니다^^,came****,18.11.28.,52,잡지꽂이,수납가구
,,,,,,,
3,5,모양예뻐요 ,jina****,18.06.05.,52,잡지꽂이,수납가구
,,,,,,,
4,5,포장도 꼼꼼히 신경써주시고 선물도 너무 감사합니다,ivm1****,18.05.02.,52,잡지꽂이,수납가구
,,,,,,,
5,5,"진짜 최고 고급스럽고 유니크해요~
마크라메 매듭이 이리 튼튼한지 몰랐어요~무거운 책들도 거뜬합니다~^^
오래오래 예쁘게 잘 쓸게요♡",tchi****,18.04.17.,52,잡지꽂이,수납가구
,,,,,,,
6,5,"너무 예뻐요~^^
무게감도 딱 좋구요~
너무 고급스럽고 유니크합니다
강추해요♡",tchi****,18.04.17.,52,잡지꽂이,수납가구
,,,,,,,
review_no,star,review,customerId,reviewDate,pd_no,storagecate_no,category_no
,,,,,,,
1,5,깔끔하고 은근 인테리어 효과,rach****,20.04.11.,54,잡지꽂이,수납가구
,,,,,,,
2,5,예뻐용~~~완돈강추강추입니당~~^^,bhc0****,20.03.24.,54,잡지꽂이,수납가구
,,,,,,,
3,5,가격은 좀 부담스럽지만 작은 애도 공부시작해서 같은 걸로 재주문했지요.완전 튼튼하고 비주얼 좋아요,rail****,19.12.07.,54,잡지꽂이,수납가구
,,,,,,,
4,4,가격은 좀 있는데 제품은 크고 튼튼하고 예뻐요. 아이들방 한우리 교재 넣는 함으로 잘 쓰게 됐어요.,rail****,19.11.09.,54,잡지꽂이,수납가구
,,,,,,,
review_no,star,review,customerId,reviewDate,pd_no,storagecate_no,category_no
,,,,,,,
1,4,공간 차지 않고 맘이 들어요:-) 이쁩니다,film****,20.11.12.,55,잡지꽂이,수납가구
,,,,,,,
review_no,star,review,customerId,reviewDate,pd_no,storagecate_no,category_no
,,,,,,,
1,5,이뻐요!!! 사진그대로에요,mori****,19.01.12.,56,잡지꽂이,수납가구
,,,,,,,
review_no,star,review,customerId,reviewDate,pd_no,storagecate_no,category_no
,,,,,,,
1,5,배송빠르고 상품 고급지고 좋습니다,joke****,18.10.23.,57,잡지꽂이,수납가구
,,,,,,,
review_no,star,review,customerId,reviewDate,pd_no,storagecate_no,category_no
,,,,,,,
1,5,내구성이 약해보이는데;; 멀리서봤을때는 괜찮아요,anne****,20.08.30.,58,잡지꽂이,수납가구
,,,,,,,
2,5,"디자인 맘에 들어 구매했어요
사진과 똑같아요^^",wink****,20.08.04.,58,잡지꽂이,수납가구
,,,,,,,
3,4,디자인과 실용성 모두만족 너무 많이 넣으면 넘어질 수 있음,squa****,20.08.25.,58,잡지꽂이,수납가구
,,,,,,,
4,5,"생각이상으로 고급지네요~~
전 아이들 스케지북 넣으려고 주문했는데 제책이나 잡지넣으면 더 이쁘겠어요~",su33****,20.07.05.,58,잡지꽂이,수납가구
,,,,,,,
5,4,이사가면 쓰려고 아직 사용전이에요 화면과 같은 것 같아요~꽤 크네요,pure****,20.07.04.,58,잡지꽂이,수납가구
,,,,,,,
review_no,star,review,customerId,reviewDate,pd_no,storagecate_no,category_no
,,,,,,,
1,4,이쁨이쁨이쁨이쁨이쁨,mset****,20.06.28.,59,잡지꽂이,수납가구
,,,,,,,
2,5,거실 테이블 위에 올려놓고 쓰는데 깔끔해보이고 좋습니다~,mteu****,20.05.02.,59,잡지꽂이,수납가구
,,,,,,,
3,5,여전히 예쁜데 제가 올려둔 테이블이 나무로된 세로로 공간잇는 테이블이라ㅋㅋ 이동할때마다 책이 빠지네여ㅋㅋ,yoon****,19.11.23.,59,잡지꽂이,수납가구
,,,,,,,
4,5,너무 만족해요 두꺼운 책은 안되긴 하지만 너무 맘에 들어요,yoon****,19.11.03.,59,잡지꽂이,수납가구
,,,,,,,
5,4,괜찮아요~좀비싸긴한듯하지만,gpwj****,19.11.08.,59,잡지꽂이,수납가구
,,,,,,,
review_no,star,review,customerId,reviewDate,pd_no,storagecate_no,category_no
,,,,,,,
1,4,"예쁘긴한데 사이즈가 제가쓰기에조금작아요
ㅜ
그래도가격면  품질디자인은예뻐용",fud1****,20.04.23.,60,잡지꽂이,수납가구
,,,,,,,
2,5,예뻐요~~~,foxt****,17.10.18.,60,잡지꽂이,수납가구
,,,,,,,
3,5,디자인이뻐요 완전 보자마자 맘에들었어요 아직 물건 받기전이지만 잘 쓸것 같아요 매경이코노미 넣어놓으려 구매하는데 얇은 잡지라 흘러내리더라고요 여기넣어두면 괜찮을것 같네요,clee****,16.12.02.,60,잡지꽂이,수납가구
,,,,,,,
4,2,2개 주문했는데 2개 모두 바닥에 구멍이 있어요.. 딸래미들 책상에 둘껀데 교환번거로워 날카로운 부분만 대충 정리하고 사용하려고 합니다..,soju****,16.11.26.,60,잡지꽂이,수납가구
,,,,,,,
5,5,딱 보자마자 원하던 디자인이라 구매해요,clee****,16.12.02.,60,잡지꽂이,수납가구
,,,,,,,
review_no,star,review,customerId,reviewDate,pd_no,storagecate_no,category_no
,,,,,,,
1,5,"색감이 예쁘고요...어디든 배치해도 잘 어울리는 것 같아요..일단 책은 두 권 정도 들어가는 사이즈라서 장소를 많이 차지하지 않아서 저는 오히려 좋았지만 구매하실 때 고려하시면 좋을 것 같아요.
(비고정형이지만 책을 꽂아도 넘어지거나 그런 것 없이 안정감있게 서 있어요..^^)",spri****,20.09.23.,73,잡지꽂이,수납가구
,,,,,,,
review_no,star,review,customerId,reviewDate,pd_no,storagecate_no,category_no
,,,,,,,
1,5,비싸긴한데...소파랑 잘어울려서 구매했어요,tryj****,20.09.06.,74,잡지꽂이,수납가구
,,,,,,,
review_no,star,review,customerId,reviewDate,pd_no,storagecate_no,category_no
,,,,,,,
1,5,배송빠르고 물건 상태 좋아요 가죽이 싼티가 안 나서 다행이에요,yhc3****,20.08.04.,81,잡지꽂이,수납가구
,,,,,,,
2,5,생각보다 너무너무 이쁘네요 사이즈도 크고 좋아요,cbm7****,19.11.25.,81,잡지꽂이,수납가구
,,,,,,,
3,5,에뻐요빈티지한느낌이에요!!,jsj1****,19.03.10.,81,잡지꽂이,수납가구
,,,,,,,
4,4,만족합니다만족합니다,jjhl****,19.03.20.,81,잡지꽂이,수납가구
,,,,,,,
review_no,star,review,customerId,reviewDate,pd_no,storagecate_no,category_no
,,,,,,,
1,3,바닥 한쪽이 많이 뜨지만 예뻐서 그냥 쓰려구요,yck1****,20.12.04.,85,잡지꽂이,수납가구
,,,,,,,
2,5,읽던 책들이 지저분하게 널려 있던게 꽂아주었더니 언제든 보고싶을때 옆에 두고 보고 있네요 집도 깔끔해지고 암튼 좋아용^^,hee8****,20.02.16.,85,잡지꽂이,수납가구
,,,,,,,
review_no,star,review,customerId,reviewDate,pd_no,storagecate_no,category_no
,,,,,,,
1,5,포장을 무척 꼼꼼히 해서 보내주셨어요. 빈티지 앤틱 느낌의 짙은 월넛 색상 잡지꽂이가 갖고 싶었는데 그에 꼭 맞는 제품을 찾았어요. 수납공간도 넉넉하고 보면 볼수록 예뻐서 흐뭇합니다.,allu****,20.05.07.,86,잡지꽂이,수납가구
,,,,,,,
2,5,주문 상담도 친절하시고 박스 포장하실때 고생 많으셨겠네요^^앤틱 잡지꽂이를 찾고 계시는분들은 꼭 사세요. 너무너무 맘에들어요~^^,ehsq****,20.02.04.,86,잡지꽂이,수납가구
,,,,,,,
3,5,실물보다 더 이쁘고 배송이 빨라서 너무 좋았어요,thew****,19.07.17.,86,잡지꽂이,수납가구
,,,,,,,
review_no,star,review,customerId,reviewDate,pd_no,storagecate_no,category_no
,,,,,,,
1,5,"예쁩니다.
완전 만족스럽네요",ddai****,18.12.05.,87,잡지꽂이,수납가구
,,,,,,,
2,5,"좋아요. 잡지꽂이를 목적으로 하는게 아니라 아이들 문제집과 그날읽을 책을 꽂아주려고 구매했는데
아이들이 좋아해요.~^^",k2s4****,18.08.31.,87,잡지꽂이,수납가구
,,,,,,,
3,5,아이들 새학기 시작하며 문제집과 그때그때 읽을책 꽂아서 책상위에 올려났더니 아이가 무척 돟아해요.,k2s4****,18.08.27.,87,잡지꽂이,수납가구
,,,,,,,
review_no,star,review,customerId,reviewDate,pd_no,storagecate_no,category_no
,,,,,,,
1,5,큰튼하고 꼭꼬핀으로도 걸려서 좋아요!,rkd3****,19.03.14.,88,잡지꽂이,수납가구
,,,,,,,
2,5,깔끔하고 예쁘네요. 배송도 빠르구요.,mail****,18.12.17.,88,잡지꽂이,수납가구
,,,,,,,
3,3,조금 뒤틀려아쉽지만 인테리어 효과가있어서 좋습니다.,wise****,18.06.07.,88,잡지꽂이,수납가구
,,,,,,,
review_no,star,review,customerId,reviewDate,pd_no,storagecate_no,category_no
,,,,,,,
1,5,예쁘고 고급스럽네요^^,tolu****,19.12.18.,89,잡지꽂이,수납가구
,,,,,,,
2,5,마음에 쏙들어요~ 예쁘게 쓸게요^^,sphi****,19.04.23.,89,잡지꽂이,수납가구
,,,,,,,
3,5,사이즈도딱이고 아주고급져요,ch17****,18.12.27.,89,잡지꽂이,수납가구
,,,,,,,
review_no,star,review,customerId,reviewDate,pd_no,storagecate_no,category_no
,,,,,,,
1,5,색도 예쁘고 커서 좋네요,dgkd****,20.04.12.,90,잡지꽂이,수납가구
,,,,,,,
2,3,저희집에 잘 어울리는 아이지만  타카친곳이  눈에 띠어 그게좀 흠인것같습니다  ,appl****,17.04.16.,90,잡지꽂이,수납가구
,,,,,,,
review_no,star,review,customerId,reviewDate,pd_no,storagecate_no,category_no
,,,,,,,
1,5,"빠른 배송 감사합니다 
사업 번창하세요",hee6****,19.08.27.,91,잡지꽂이,수납가구
,,,,,,,
2,5,아주좋아요~,ppk2****,17.09.14.,91,잡지꽂이,수납가구
,,,,,,,
review_no,star,review,customerId,reviewDate,pd_no,storagecate_no,category_no
,,,,,,,
1,5,친구 개업선물로 보냈는데 배송도 빠르고 이상없이 잘 받았다고 하네요~맘에 든다고 좋다고 합니다^^,khso****,19.08.18.,92,잡지꽂이,수납가구
,,,,,,,
review_no,star,review,customerId,reviewDate,pd_no,storagecate_no,category_no
,,,,,,,
1,4,깔끔하고 좋아요. 만족합니다.,imag****,21.03.18.,94,잡지꽂이,수납가구
,,,,,,,
2,5,가격도만족. 디자인도만족,baro****,20.09.06.,94,잡지꽂이,수납가구
,,,,,,,
review_no,star,review,customerId,reviewDate,pd_no,storagecate_no,category_no
,,,,,,,
1,5,봐도 봐도 예뻐요! 인테리어용으로도 좋고 실용적이에요,manc****,20.11.13.,95,잡지꽂이,수납가구
,,,,,,,
2,5,심플하고 예뻐요. 인테리어 용으로 딱이에요,manc****,20.10.31.,95,잡지꽂이,수납가구
,,,,,,,
review_no,star,review,customerId,reviewDate,pd_no,storagecate_no,category_no
,,,,,,,
1,5,"넘 맘에 들어요.
테이블에 쌓여있던 책 정리했어요. 사이즈도 딱 이예요.
포장도 넘 꼼꼼하게 해주셨네요. 선물 받은거 같아요.",hyji****,20.06.04.,96,잡지꽂이,수납가구
,,,,,,,
2,5,친절하시고 물건 다 사진과 그대로 였어요. 잘 쓰겠습니다,vonb****,20.03.07.,96,잡지꽂이,수납가구
,,,,,,,
review_no,star,review,customerId,reviewDate,pd_no,storagecate_no,category_no
,,,,,,,
1,4,생각보다 크고 잡지꽂이라 넓네요,sehw****,20.01.31.,98,잡지꽂이,수납가구
,,,,,,,
review_no,star,review,customerId,reviewDate,pd_no,storagecate_no,category_no
,,,,,,,
1,4,저희 집에는 드라이 넣는 케이스로 활용할려고 두었어요 맘에 들어요,go97****,19.05.30.,99,잡지꽂이,수납가구
,,,,,,,
review_no,star,review,customerId,reviewDate,pd_no,storagecate_no,category_no
,,,,,,,
1,5,"인테리어 효과 굿이네요.
큰책자 놓기 좋아요",waja****,19.02.09.,100,잡지꽂이,수납가구
,,,,,,,
2,4,이보요오옹 포인트되고 깔끔해서 이뿐거같아여 아직 어디에 놓으면 좋을지? 못정햇지만 ㅋㅋ 사이즈가 조금만 더 컷으면 더큰 신문지크기(?) 잡지도 넣을수잇을텐데 그건못해서 아쉽디만 ㅋㅋ여튼 만족,youn****,18.10.01.,100,잡지꽂이,수납가구
,,,,,,,
3,5,굳구 너무맘에들어요,jyur****,18.10.03.,100,잡지꽂이,수납가구
,,,,,,,
4,5,이뻐용옹ㅇ,youn****,18.10.01.,100,잡지꽂이,수납가구
,,,,,,,
5,5,"이뻐요- 인테리어 소품으로 좋아요
",yjhg****,18.08.12.,100,잡지꽂이,수납가구
,,,,,,,
6,5,화면에 보는거랑 똑같구요 벽에 걸어두니 늠 이뽀용,pye1****,18.05.22.,100,잡지꽂이,수납가구
,,,,,,,
7,5,너무이뻐요!,rall****,18.05.11.,100,잡지꽂이,수납가구
,,,,,,,
8,5,똑같아요 잘쓸게요,jhki****,18.05.03.,100,잡지꽂이,수납가구
,,,,,,,
9,5,젛아요조하요,sjji****,18.04.24.,100,잡지꽂이,수납가구
,,,,,,,
review_no,star,review,customerId,reviewDate,pd_no,storagecate_no,category_no
,,,,,,,
1,4,잡지 정리하기좋아요,toda****,19.12.14.,111,잡지꽂이,수납가구
,,,,,,,
review_no,star,review,customerId,reviewDate,pd_no,storagecate_no,category_no
,,,,,,,
1,5,"일단 판매자분이 너무 친절하시네요!
디자인  실용성 모두 좋아요~
중문열고 들어오는 입구에 놓았더니 분위기도살고 고지서등을 수납하기 좋습니다! 
많이파세요~!",gpd2****,20.09.04.,112,잡지꽂이,수납가구
,,,,,,,
review_no,star,review,customerId,reviewDate,pd_no,storagecate_no,category_no
,,,,,,,
1,5,가죽도 부드럽고 마음에 들어요~,jejk****,18.09.06.,113,잡지꽂이,수납가구
,,,,,,,
review_no,star,review,customerId,reviewDate,pd_no,storagecate_no,category_no
,,,,,,,
1,5,"넘 분위기 있어요
카페에서 잡지 꽂아두려고.찾다가
발견했는데 넘 이쁜 핑크골드색이네요",shar****,19.10.02.,114,잡지꽂이,수납가구
,,,,,,,
review_no,star,review,customerId,reviewDate,pd_no,storagecate_no,category_no
,,,,,,,
1,5,괜찮네요 쇼파옆에 잡지꽂으려고 삿어여 ㅎ,gong****,19.10.16.,115,잡지꽂이,수납가구
,,,,,,,
review_no,star,review,customerId,reviewDate,pd_no,storagecate_no,category_no
,,,,,,,
1,5,생각했던데로구요 역시 이쁘네요 저희가게분위기랑 너무 잘어울려요.,suga****,19.11.11.,116,잡지꽂이,수납가구
,,,,,,,
review_no,star,review,customerId,reviewDate,pd_no,storagecate_no,category_no
,,,,,,,
1,5,영어책 노트 정리해놓고 쓰는데 너무이쁘고 즣아요,lusi****,20.05.21.,117,잡지꽂이,수납가구
,,,,,,,
review_no,star,review,customerId,reviewDate,pd_no,storagecate_no,category_no
,,,,,,,
1,5,로비에 놨는데 고급져요~,sylv****,19.06.28.,147,잡지꽂이,수납가구
